Result Item,Result ATK,Result DEF,Result HP,Exclusion Group,Equip Type,Shop Unlock,Ingredient 1,Qty 1,Ingredient 2,Qty 2,Ingredient 3,Qty 3,Ingredient 4,Qty 4
Short Sword,32,0,0,2,EQ_WP_SWORD,Rank 1,,,,,,,,
Long Sword,70,2,0,2,EQ_WP_SWORD,Rank 1,Short Sword,1,Iron Ore,5,,,,
Long Sword,70,2,0,2,EQ_WP_SWORD,Rank 1,Short Sword,1,Iron Ore,5,,,,
Long Sword,70,2,0,2,EQ_WP_SWORD,Rank 1,Short Sword,1,Iron Ore,5,,,,
Defender,106,7,0,2,EQ_WP_SWORD,Rank 2,Long Sword,1,Iron Ore,7,,,,
Defender,106,7,0,2,EQ_WP_SWORD,Rank 2,Long Sword,1,Iron Ore,7,,,,
Defender,106,7,0,2,EQ_WP_SWORD,Rank 2,Long Sword,1,Iron Ore,7,,,,
Liberacion,149,8,0,2,EQ_WP_SWORD,Rank 3,Defender,1,,,,,,
Liberacion,149,8,0,2,EQ_WP_SWORD,Rank 3,Defender,1,,,,,,
Liberacion,149,8,0,2,EQ_WP_SWORD,Rank 3,Defender,1,,,,,,
Dunamis Edge,179,9,0,2,EQ_WP_SWORD,Rank 4,Liberacion,1,Tectite Ore,5,,,,
Dunamis Edge,179,9,0,2,EQ_WP_SWORD,Rank 4,Liberacion,1,Tectite Ore,5,,,,
Dunamis Edge,179,9,0,2,EQ_WP_SWORD,Rank 4,Liberacion,1,Tectite Ore,5,,,,
Vorpal Blade,215,11,0,2,EQ_WP_SWORD,Rank 5,Dunamis Edge,1,Essence Stone,3,,,,
Vorpal Blade,215,11,0,2,EQ_WP_SWORD,Rank 5,Dunamis Edge,1,Essence Stone,3,,,,
Vorpal Blade,215,11,0,2,EQ_WP_SWORD,Rank 5,Dunamis Edge,1,Essence Stone,3,,,,
Dainsleif,242,12,0,2,EQ_WP_SWORD,Rank 6,Vorpal Blade,1,Essence Stone,5,,,,
Dainsleif,242,12,0,2,EQ_WP_SWORD,Rank 6,Vorpal Blade,1,Essence Stone,5,,,,
Dainsleif,242,12,0,2,EQ_WP_SWORD,Rank 6,Vorpal Blade,1,Essence Stone,5,,,,
Hyperion Blade,284,15,0,2,EQ_WP_SWORD,Rank 7,Dainsleif,1,Dragon Crest Stone,3,,,,
Hyperion Blade,284,15,0,2,EQ_WP_SWORD,Rank 7,Dainsleif,1,Dragon Crest Stone,3,,,,
Hyperion Blade,284,15,0,2,EQ_WP_SWORD,Rank 7,Dainsleif,1,Dragon Crest Stone,3,,,,
Mistilteinn,303,20,0,0,EQ_WP_SWORD,Rank 7,,,,,,,,
Rusted Sword,4,0,0,0,EQ_WP_SWORD,Rank 1,,,,,,,,
----剣----,0,0,0,0,0,Rank 1,,,,,,,,
Short Sword,32,0,0,2,EQ_WP_SWORD,Rank 1,Short Sword,1,Iron Ore,2,Murky Mucus,3,,
Long Sword,70,2,0,2,EQ_WP_SWORD,Rank 1,Long Sword,1,Iron Ore,3,Beast Claw,2,,
Defender,106,7,0,2,EQ_WP_SWORD,Rank 2,Defender,1,Iron Ore,4,Sterile Mucus,3,,
Liberacion,149,8,0,2,EQ_WP_SWORD,Rank 3,Liberacion,1,Tectite Ore,2,Sword Tip Fang,2,,
Dunamis Edge,179,9,0,2,EQ_WP_SWORD,Rank 4,Dunamis Edge,1,Tectite Ore,3,Sparkling Mucus,3,,
Vorpal Blade,215,11,0,2,EQ_WP_SWORD,Rank 5,Vorpal Blade,1,Essence Stone,2,Thunder Claw,2,,
Dainsleif,242,12,0,2,EQ_WP_SWORD,Rank 6,Dainsleif,1,Essence Stone,3,Ancient Mucus,3,,
Hyperion Blade,284,15,0,2,EQ_WP_SWORD,Rank 7,Hyperion Blade,1,Dragon Crest Stone,2,Sunlight Fang,2,,
Short Sword,32,0,0,2,EQ_WP_SWORD,Rank 1,Short Sword,1,Iron Ore,3,Murky Mucus,6,,
Long Sword,70,2,0,2,EQ_WP_SWORD,Rank 1,Long Sword,1,Iron Ore,5,Beast Claw,4,,
Defender,106,7,0,2,EQ_WP_SWORD,Rank 2,Defender,1,Iron Ore,7,Sterile Mucus,6,,
Liberacion,149,8,0,2,EQ_WP_SWORD,Rank 3,Liberacion,1,Tectite Ore,3,Sword Tip Fang,4,,
Dunamis Edge,179,9,0,2,EQ_WP_SWORD,Rank 4,Dunamis Edge,1,Tectite Ore,5,Sparkling Mucus,6,,
Vorpal Blade,215,11,0,2,EQ_WP_SWORD,Rank 5,Vorpal Blade,1,Essence Stone,3,Thunder Claw,4,,
Dainsleif,242,12,0,2,EQ_WP_SWORD,Rank 6,Dainsleif,1,Essence Stone,5,Ancient Mucus,6,,
Hyperion Blade,284,15,0,2,EQ_WP_SWORD,Rank 7,Hyperion Blade,1,Dragon Crest Stone,3,Sunlight Fang,4,,
Rapier,29,0,0,2,EQ_WP_RAPIER,Rank 1,,,,,,,,
Foil,68,0,0,2,EQ_WP_RAPIER,Rank 1,Rapier,1,Iron Ore,5,,,,
Foil,68,0,0,2,EQ_WP_RAPIER,Rank 1,Rapier,1,Iron Ore,5,,,,
Foil,68,0,0,2,EQ_WP_RAPIER,Rank 1,Rapier,1,Iron Ore,5,,,,
Flamberge,102,0,0,2,EQ_WP_RAPIER,Rank 2,Foil,1,Iron Ore,7,,,,
Flamberge,102,0,0,2,EQ_WP_RAPIER,Rank 2,Foil,1,Iron Ore,7,,,,
Flamberge,102,0,0,2,EQ_WP_RAPIER,Rank 2,Foil,1,Iron Ore,7,,,,
Grand Saber,144,2,0,2,EQ_WP_RAPIER,Rank 3,Flamberge,1,,,,,,
Grand Saber,144,2,0,2,EQ_WP_RAPIER,Rank 3,Flamberge,1,,,,,,
Grand Saber,144,2,0,2,EQ_WP_RAPIER,Rank 3,Flamberge,1,,,,,,
Belladonna,171,2,0,2,EQ_WP_RAPIER,Rank 4,Grand Saber,1,Tectite Ore,5,,,,
Belladonna,171,2,0,2,EQ_WP_RAPIER,Rank 4,Grand Saber,1,Tectite Ore,5,,,,
Belladonna,171,2,0,2,EQ_WP_RAPIER,Rank 4,Grand Saber,1,Tectite Ore,5,,,,
Gordes Fencer,205,4,0,2,EQ_WP_RAPIER,Rank 5,Belladonna,1,Essence Stone,3,,,,
Gordes Fencer,205,4,0,2,EQ_WP_RAPIER,Rank 5,Belladonna,1,Essence Stone,3,,,,
Gordes Fencer,205,4,0,2,EQ_WP_RAPIER,Rank 5,Belladonna,1,Essence Stone,3,,,,
Arondight,231,5,0,2,EQ_WP_RAPIER,Rank 6,Gordes Fencer,1,Essence Stone,5,,,,
Arondight,231,5,0,2,EQ_WP_RAPIER,Rank 6,Gordes Fencer,1,Essence Stone,5,,,,
Arondight,231,5,0,2,EQ_WP_RAPIER,Rank 6,Gordes Fencer,1,Essence Stone,5,,,,
Mercurius Blade,270,5,0,2,EQ_WP_RAPIER,Rank 7,Arondight,1,Dragon Crest Stone,3,,,,
Mercurius Blade,270,5,0,2,EQ_WP_RAPIER,Rank 7,Arondight,1,Dragon Crest Stone,3,,,,
Mercurius Blade,270,5,0,2,EQ_WP_RAPIER,Rank 7,Arondight,1,Dragon Crest Stone,3,,,,
Rapier,29,0,0,2,EQ_WP_RAPIER,Rank 1,Rapier,1,Iron Ore,2,Thin Hide,3,,
Foil,68,0,0,2,EQ_WP_RAPIER,Rank 1,Foil,1,Iron Ore,3,Remex,2,,
Flamberge,102,0,0,2,EQ_WP_RAPIER,Rank 2,Flamberge,1,Iron Ore,4,Thick Hide,3,,
Grand Saber,144,2,0,2,EQ_WP_RAPIER,Rank 3,Grand Saber,1,Tectite Ore,2,Razor Feather,2,,
Belladonna,171,2,0,2,EQ_WP_RAPIER,Rank 4,Belladonna,1,Tectite Ore,3,Beast Hide,3,,
Gordes Fencer,205,4,0,2,EQ_WP_RAPIER,Rank 5,Gordes Fencer,1,Essence Stone,2,Blue Feather,2,,
Arondight,231,5,0,2,EQ_WP_RAPIER,Rank 6,Arondight,1,Essence Stone,3,Ancient Hide,3,,
Mercurius Blade,270,5,0,2,EQ_WP_RAPIER,Rank 7,Mercurius Blade,1,Dragon Crest Stone,2,Lunar Wings,2,,
Rapier,29,0,0,2,EQ_WP_RAPIER,Rank 1,Rapier,1,Iron Ore,3,Thin Hide,6,,
Foil,68,0,0,2,EQ_WP_RAPIER,Rank 1,Foil,1,Iron Ore,5,Remex,4,,
Flamberge,102,0,0,2,EQ_WP_RAPIER,Rank 2,Flamberge,1,Iron Ore,7,Thick Hide,6,,
Grand Saber,144,2,0,2,EQ_WP_RAPIER,Rank 3,Grand Saber,1,Tectite Ore,3,Razor Feather,4,,
Belladonna,171,2,0,2,EQ_WP_RAPIER,Rank 4,Belladonna,1,Tectite Ore,5,Beast Hide,6,,
Gordes Fencer,205,4,0,2,EQ_WP_RAPIER,Rank 5,Gordes Fencer,1,Essence Stone,3,Blue Feather,4,,
Arondight,231,5,0,2,EQ_WP_RAPIER,Rank 6,Arondight,1,Essence Stone,5,Ancient Hide,6,,
Mercurius Blade,270,5,0,2,EQ_WP_RAPIER,Rank 7,Mercurius Blade,1,Dragon Crest Stone,3,Lunar Wings,4,,
Heavy Anchor,44,0,0,2,EQ_WP_ANCHOR,Rank 1,,,,,,,,
Iron Knocker,75,0,0,2,EQ_WP_ANCHOR,Rank 1,Heavy Anchor,1,Iron Ore,5,,,,
Iron Knocker,75,0,0,2,EQ_WP_ANCHOR,Rank 1,Heavy Anchor,1,Iron Ore,5,,,,
Iron Knocker,75,0,0,2,EQ_WP_ANCHOR,Rank 1,Heavy Anchor,1,Iron Ore,5,,,,
War Hammer,114,0,0,2,EQ_WP_ANCHOR,Rank 2,Iron Knocker,1,Iron Ore,7,,,,
War Hammer,114,0,0,2,EQ_WP_ANCHOR,Rank 2,Iron Knocker,1,Iron Ore,7,,,,
War Hammer,114,0,0,2,EQ_WP_ANCHOR,Rank 2,Iron Knocker,1,Iron Ore,7,,,,
Axle Breaker,160,0,0,2,EQ_WP_ANCHOR,Rank 3,War Hammer,1,,,,,,
Axle Breaker,160,0,0,2,EQ_WP_ANCHOR,Rank 3,War Hammer,1,,,,,,
Axle Breaker,160,0,0,2,EQ_WP_ANCHOR,Rank 3,War Hammer,1,,,,,,
Gratton Tail,193,0,0,2,EQ_WP_ANCHOR,Rank 4,Axle Breaker,1,Tectite Ore,5,,,,
Gratton Tail,193,0,0,2,EQ_WP_ANCHOR,Rank 4,Axle Breaker,1,Tectite Ore,5,,,,
Gratton Tail,193,0,0,2,EQ_WP_ANCHOR,Rank 4,Axle Breaker,1,Tectite Ore,5,,,,
Gigantex,233,0,0,2,EQ_WP_ANCHOR,Rank 5,Gratton Tail,1,Essence Stone,3,,,,
Gigantex,233,0,0,2,EQ_WP_ANCHOR,Rank 5,Gratton Tail,1,Essence Stone,3,,,,
Gigantex,233,0,0,2,EQ_WP_ANCHOR,Rank 5,Gratton Tail,1,Essence Stone,3,,,,
Glamdring,263,0,0,2,EQ_WP_ANCHOR,Rank 6,Gigantex,1,Essence Stone,5,,,,
Glamdring,263,0,0,2,EQ_WP_ANCHOR,Rank 6,Gigantex,1,Essence Stone,5,,,,
Glamdring,263,0,0,2,EQ_WP_ANCHOR,Rank 6,Gigantex,1,Essence Stone,5,,,,
Leviathan Axe,310,0,0,2,EQ_WP_ANCHOR,Rank 7,Glamdring,1,Dragon Crest Stone,3,,,,
Leviathan Axe,310,0,0,2,EQ_WP_ANCHOR,Rank 7,Glamdring,1,Dragon Crest Stone,3,,,,
Leviathan Axe,310,0,0,2,EQ_WP_ANCHOR,Rank 7,Glamdring,1,Dragon Crest Stone,3,,,,
Heavy Anchor,44,0,0,2,EQ_WP_ANCHOR,Rank 1,Heavy Anchor,1,Iron Ore,2,Light Bone,3,,
Iron Knocker,75,0,0,2,EQ_WP_ANCHOR,Rank 1,Iron Knocker,1,Iron Ore,3,Strong Shell,2,,
War Hammer,114,0,0,2,EQ_WP_ANCHOR,Rank 2,War Hammer,1,Iron Ore,4,Sturdy Bone,3,,
Axle Breaker,160,0,0,2,EQ_WP_ANCHOR,Rank 3,Axle Breaker,1,Tectite Ore,2,Accursed Shell,2,,
Gratton Tail,193,0,0,2,EQ_WP_ANCHOR,Rank 4,Gratton Tail,1,Tectite Ore,3,Beast Bone,3,,
Gigantex,233,0,0,2,EQ_WP_ANCHOR,Rank 5,Gigantex,1,Essence Stone,2,Diamond Shell,2,,
Glamdring,263,0,0,2,EQ_WP_ANCHOR,Rank 6,Glamdring,1,Essence Stone,3,Ancient Bone,3,,
Leviathan Axe,310,0,0,2,EQ_WP_ANCHOR,Rank 7,Leviathan Axe,1,Dragon Crest Stone,2,Starry Shell,2,,
Heavy Anchor,44,0,0,2,EQ_WP_ANCHOR,Rank 1,Heavy Anchor,1,Iron Ore,3,Light Bone,6,,
Iron Knocker,75,0,0,2,EQ_WP_ANCHOR,Rank 1,Iron Knocker,1,Iron Ore,5,Strong Shell,4,,
War Hammer,114,0,0,2,EQ_WP_ANCHOR,Rank 2,War Hammer,1,Iron Ore,7,Sturdy Bone,6,,
Axle Breaker,160,0,0,2,EQ_WP_ANCHOR,Rank 3,Axle Breaker,1,Tectite Ore,3,Accursed Shell,4,,
Gratton Tail,193,0,0,2,EQ_WP_ANCHOR,Rank 4,Gratton Tail,1,Tectite Ore,5,Beast Bone,6,,
Gigantex,233,0,0,2,EQ_WP_ANCHOR,Rank 5,Gigantex,1,Essence Stone,3,Diamond Shell,4,,
Glamdring,263,0,0,2,EQ_WP_ANCHOR,Rank 6,Glamdring,1,Essence Stone,5,Ancient Bone,6,,
Leviathan Axe,310,0,0,2,EQ_WP_ANCHOR,Rank 7,Leviathan Axe,1,Dragon Crest Stone,3,Starry Shell,4,,
Blade Rifle,84,0,0,2,EQ_WP_SPEAR,Rank 2,,,,,,,,
Beast Sniper,113,0,0,2,EQ_WP_SPEAR,Rank 2,Blade Rifle,1,Iron Ore,7,,,,
Beast Sniper,113,0,0,2,EQ_WP_SPEAR,Rank 2,Blade Rifle,1,Iron Ore,7,,,,
Beast Sniper,113,0,0,2,EQ_WP_SPEAR,Rank 2,Blade Rifle,1,Iron Ore,7,,,,
Grim Reaper,157,0,0,2,EQ_WP_SPEAR,Rank 3,Beast Sniper,1,,,,,,
Grim Reaper,157,0,0,2,EQ_WP_SPEAR,Rank 3,Beast Sniper,1,,,,,,
Grim Reaper,157,0,0,2,EQ_WP_SPEAR,Rank 3,Beast Sniper,1,,,,,,
Fury Python,186,0,0,2,EQ_WP_SPEAR,Rank 4,Grim Reaper,1,Tectite Ore,5,,,,
Fury Python,186,0,0,2,EQ_WP_SPEAR,Rank 4,Grim Reaper,1,Tectite Ore,5,,,,
Fury Python,186,0,0,2,EQ_WP_SPEAR,Rank 4,Grim Reaper,1,Tectite Ore,5,,,,
Dark Rhetoric,222,0,0,2,EQ_WP_SPEAR,Rank 5,Fury Python,1,Essence Stone,3,,,,
Dark Rhetoric,222,0,0,2,EQ_WP_SPEAR,Rank 5,Fury Python,1,Essence Stone,3,,,,
Dark Rhetoric,222,0,0,2,EQ_WP_SPEAR,Rank 5,Fury Python,1,Essence Stone,3,,,,
Apocalypse,249,0,0,2,EQ_WP_SPEAR,Rank 6,Dark Rhetoric,1,Essence Stone,5,,,,
Apocalypse,249,0,0,2,EQ_WP_SPEAR,Rank 6,Dark Rhetoric,1,Essence Stone,5,,,,
Apocalypse,249,0,0,2,EQ_WP_SPEAR,Rank 6,Dark Rhetoric,1,Essence Stone,5,,,,
Saintly Force,290,0,0,2,EQ_WP_SPEAR,Rank 7,Apocalypse,1,Dragon Crest Stone,3,,,,
Saintly Force,290,0,0,2,EQ_WP_SPEAR,Rank 7,Apocalypse,1,Dragon Crest Stone,3,,,,
Saintly Force,290,0,0,2,EQ_WP_SPEAR,Rank 7,Apocalypse,1,Dragon Crest Stone,3,,,,
Blade Rifle,84,0,0,2,EQ_WP_SPEAR,Rank 2,Blade Rifle,1,Iron Ore,3,Remex,2,,
Beast Sniper,113,0,0,2,EQ_WP_SPEAR,Rank 2,Beast Sniper,1,Iron Ore,4,Thick Hide,3,,
Grim Reaper,157,0,0,2,EQ_WP_SPEAR,Rank 3,Grim Reaper,1,Tectite Ore,2,Razor Feather,2,,
Fury Python,186,0,0,2,EQ_WP_SPEAR,Rank 4,Fury Python,1,Tectite Ore,3,Beast Hide,3,,
Dark Rhetoric,222,0,0,2,EQ_WP_SPEAR,Rank 5,Dark Rhetoric,1,Essence Stone,2,Blue Feather,2,,
Apocalypse,249,0,0,2,EQ_WP_SPEAR,Rank 6,Apocalypse,1,Essence Stone,3,Ancient Hide,3,,
Saintly Force,290,0,0,2,EQ_WP_SPEAR,Rank 7,Saintly Force,1,Dragon Crest Stone,2,Lunar Wings,2,,
Blade Rifle,84,0,0,2,EQ_WP_SPEAR,Rank 2,Blade Rifle,1,Iron Ore,5,Remex,4,,
Beast Sniper,113,0,0,2,EQ_WP_SPEAR,Rank 2,Beast Sniper,1,Iron Ore,7,Thick Hide,6,,
Grim Reaper,157,0,0,2,EQ_WP_SPEAR,Rank 3,Grim Reaper,1,Tectite Ore,3,Razor Feather,4,,
Fury Python,186,0,0,2,EQ_WP_SPEAR,Rank 4,Fury Python,1,Tectite Ore,5,Beast Hide,6,,
Dark Rhetoric,222,0,0,2,EQ_WP_SPEAR,Rank 5,Dark Rhetoric,1,Essence Stone,3,Blue Feather,4,,
Apocalypse,249,0,0,2,EQ_WP_SPEAR,Rank 6,Apocalypse,1,Essence Stone,5,Ancient Hide,6,,
Saintly Force,290,0,0,2,EQ_WP_SPEAR,Rank 7,Saintly Force,1,Dragon Crest Stone,3,Lunar Wings,4,,
Coconut Maces,110,0,0,2,EQ_WP_MACE,Rank 2,,,,,,,,
Silver Wolf Clubs,144,0,0,2,EQ_WP_MACE,Rank 3,Coconut Maces,1,,,,,,
Silver Wolf Clubs,144,0,0,2,EQ_WP_MACE,Rank 3,Coconut Maces,1,,,,,,
Silver Wolf Clubs,144,0,0,2,EQ_WP_MACE,Rank 3,Coconut Maces,1,,,,,,
Dino Spikes,170,0,0,2,EQ_WP_MACE,Rank 4,Silver Wolf Clubs,1,Tectite Ore,5,,,,
Dino Spikes,170,0,0,2,EQ_WP_MACE,Rank 4,Silver Wolf Clubs,1,Tectite Ore,5,,,,
Dino Spikes,170,0,0,2,EQ_WP_MACE,Rank 4,Silver Wolf Clubs,1,Tectite Ore,5,,,,
Rakshasa Clubs,203,0,0,2,EQ_WP_MACE,Rank 5,Dino Spikes,1,Essence Stone,3,,,,
Rakshasa Clubs,203,0,0,2,EQ_WP_MACE,Rank 5,Dino Spikes,1,Essence Stone,3,,,,
Rakshasa Clubs,203,0,0,2,EQ_WP_MACE,Rank 5,Dino Spikes,1,Essence Stone,3,,,,
Hecatoncheires,228,0,0,2,EQ_WP_MACE,Rank 6,Rakshasa Clubs,1,Essence Stone,5,,,,
Hecatoncheires,228,0,0,2,EQ_WP_MACE,Rank 6,Rakshasa Clubs,1,Essence Stone,5,,,,
Hecatoncheires,228,0,0,2,EQ_WP_MACE,Rank 6,Rakshasa Clubs,1,Essence Stone,5,,,,
Heaven's Thunder,266,0,0,2,EQ_WP_MACE,Rank 7,Hecatoncheires,1,Dragon Crest Stone,3,,,,
Heaven's Thunder,266,0,0,2,EQ_WP_MACE,Rank 7,Hecatoncheires,1,Dragon Crest Stone,3,,,,
Heaven's Thunder,266,0,0,2,EQ_WP_MACE,Rank 7,Hecatoncheires,1,Dragon Crest Stone,3,,,,
Coconut Maces,110,0,0,2,EQ_WP_MACE,Rank 2,Coconut Maces,1,Iron Ore,4,Sturdy Bone,3,,
Silver Wolf Clubs,144,0,0,2,EQ_WP_MACE,Rank 3,Silver Wolf Clubs,1,Tectite Ore,2,Accursed Shell,2,,
Dino Spikes,170,0,0,2,EQ_WP_MACE,Rank 4,Dino Spikes,1,Tectite Ore,3,Beast Bone,3,,
Rakshasa Clubs,203,0,0,2,EQ_WP_MACE,Rank 5,Rakshasa Clubs,1,Essence Stone,2,Diamond Shell,2,,
Hecatoncheires,228,0,0,2,EQ_WP_MACE,Rank 6,Hecatoncheires,1,Essence Stone,3,Ancient Bone,3,,
Heaven's Thunder,266,0,0,2,EQ_WP_MACE,Rank 7,Heaven's Thunder,1,Dragon Crest Stone,2,Starry Shell,2,,
Coconut Maces,110,0,0,2,EQ_WP_MACE,Rank 2,Coconut Maces,1,Iron Ore,7,Sturdy Bone,6,,
Silver Wolf Clubs,144,0,0,2,EQ_WP_MACE,Rank 3,Silver Wolf Clubs,1,Tectite Ore,3,Accursed Shell,4,,
Dino Spikes,170,0,0,2,EQ_WP_MACE,Rank 4,Dino Spikes,1,Tectite Ore,5,Beast Bone,6,,
Rakshasa Clubs,203,0,0,2,EQ_WP_MACE,Rank 5,Rakshasa Clubs,1,Essence Stone,3,Diamond Shell,4,,
Hecatoncheires,228,0,0,2,EQ_WP_MACE,Rank 6,Hecatoncheires,1,Essence Stone,5,Ancient Bone,6,,
Heaven's Thunder,266,0,0,2,EQ_WP_MACE,Rank 7,Heaven's Thunder,1,Dragon Crest Stone,3,Starry Shell,4,,
Edelsphere,174,0,0,2,EQ_WP_HALBERT,Rank 4,,,,,,,,
Celestria,209,0,0,2,EQ_WP_HALBERT,Rank 5,Edelsphere,1,Essence Stone,3,,,,
Celestria,209,0,0,2,EQ_WP_HALBERT,Rank 5,Edelsphere,1,Essence Stone,3,,,,
Celestria,209,0,0,2,EQ_WP_HALBERT,Rank 5,Edelsphere,1,Essence Stone,3,,,,
Caduceus,236,0,0,2,EQ_WP_HALBERT,Rank 6,Celestria,1,Essence Stone,5,,,,
Caduceus,236,0,0,2,EQ_WP_HALBERT,Rank 6,Celestria,1,Essence Stone,5,,,,
Caduceus,236,0,0,2,EQ_WP_HALBERT,Rank 6,Celestria,1,Essence Stone,5,,,,
Corona Iliad,277,5,0,2,EQ_WP_HALBERT,Rank 7,Caduceus,1,Dragon Crest Stone,3,,,,
Corona Iliad,277,5,0,2,EQ_WP_HALBERT,Rank 7,Caduceus,1,Dragon Crest Stone,3,,,,
Corona Iliad,277,5,0,2,EQ_WP_HALBERT,Rank 7,Caduceus,1,Dragon Crest Stone,3,,,,
Edelsphere,174,0,0,2,EQ_WP_HALBERT,Rank 4,Edelsphere,1,Tectite Ore,3,Sparkling Mucus,3,,
Celestria,209,0,0,2,EQ_WP_HALBERT,Rank 5,Celestria,1,Essence Stone,2,Thunder Claw,2,,
Caduceus,236,0,0,2,EQ_WP_HALBERT,Rank 6,Caduceus,1,Essence Stone,3,Ancient Mucus,3,,
Corona Iliad,277,5,0,2,EQ_WP_HALBERT,Rank 7,Corona Iliad,1,Dragon Crest Stone,2,Sunlight Fang,2,,
Edelsphere,174,0,0,2,EQ_WP_HALBERT,Rank 4,Edelsphere,1,Tectite Ore,5,Sparkling Mucus,6,,
Celestria,209,0,0,2,EQ_WP_HALBERT,Rank 5,Celestria,1,Essence Stone,3,Thunder Claw,4,,
Caduceus,236,0,0,2,EQ_WP_HALBERT,Rank 6,Caduceus,1,Essence Stone,5,Ancient Mucus,6,,
Corona Iliad,277,5,0,2,EQ_WP_HALBERT,Rank 7,Corona Iliad,1,Dragon Crest Stone,3,Sunlight Fang,4,,
Cool Fencer,0,0,0,0,EQ_MC_ADOL_ONLY,Rank 1,Soft Fiber,4,Beast Claw,4,,,,
Pretty Lady,0,0,0,0,EQ_MC_LAXIA_ONLY,Rank 1,Soft Fiber,4,Remex,4,,,,
Dandy Fisher,0,0,0,0,EQ_MC_SAHAD_ONLY,Rank 1,Soft Fiber,4,Strong Shell,4,,,,
Speed Gunner,0,0,0,0,EQ_MC_HUMMEL_ONLY,Rank 3,Hard Fiber,1,Blue Feather,1,,,,
Cutesy Girl,0,0,0,0,EQ_MC_RICOTTA_ONLY,Rank 4,Hard Fiber,1,Diamond Shell,1,,,,
Noble Shaman,0,0,0,0,EQ_MC_DANA_ONLY,Rank 4,Hard Fiber,1,Sunlight Fang,1,,,,
Clingy Pikkard,0,0,0,SUBCOSTUME_TARGET_ARM,EQ_COMMON_SUBCOSTUME,Rank 2,Soft Fiber,4,Thick Hide,4,,,,
Bone Necklace,0,0,150,1,EQ_COMMON_ACCESSORY,Rank 1,Sturdy Bone,2,,,,,,
Bone Necklace II,0,0,300,1,EQ_COMMON_ACCESSORY,Rank 2,Beast Bone,2,,,,,,
Bone Necklace III,0,0,500,1,EQ_COMMON_ACCESSORY,Rank 4,Ancient Bone,2,,,,,,
Bone Necklace IV,0,0,800,1,EQ_COMMON_ACCESSORY,Rank 7,Underworld Bone,2,,,,,,
Blade Ring,10,0,0,2,EQ_COMMON_ACCESSORY,Rank 1,Beast Claw,2,Thin Hide,8,,,,
Blade Ring II,20,0,0,2,EQ_COMMON_ACCESSORY,Rank 2,Sword Tip Fang,2,Thick Hide,8,,,,
Blade Ring III,30,0,0,2,EQ_COMMON_ACCESSORY,Rank 3,Thunder Claw,2,Beast Hide,8,,,,
Blade Ring IV,40,0,0,2,EQ_COMMON_ACCESSORY,Rank 7,Sunlight Fang,2,Ancient Hide,8,,,,
Shield Earring,0,15,0,3,EQ_COMMON_ACCESSORY,Rank 1,Strong Shell,2,Light Bone,8,,,,
Shield Earring II,0,30,0,3,EQ_COMMON_ACCESSORY,Rank 2,Accursed Shell,2,Sturdy Bone,8,,,,
Shield Earring III,0,45,0,3,EQ_COMMON_ACCESSORY,Rank 3,Diamond Shell,2,Beast Bone,8,,,,
Shield Earring IV,0,60,0,3,EQ_COMMON_ACCESSORY,Rank 4,Starry Shell,2,Ancient Bone,8,,,,
Snake Amulet,0,0,0,4,EQ_COMMON_ACCESSORY,Rank 1,Sturdy Lumber,2,Strange Mass,4,,,,
Snake Stone,0,0,0,4,EQ_COMMON_ACCESSORY,Rank 3,Ancient Lumber,2,Tectite Ore,4,,,,
Lightning Amulet,0,0,0,5,EQ_COMMON_ACCESSORY,Rank 2,Gwaranga Pincer,2,Thick Hide,4,,,,
Lightning Stone,0,0,0,5,EQ_COMMON_ACCESSORY,Rank 3,Thunder Claw,2,Tectite Ore,4,,,,
Crow Amulet,0,0,0,6,EQ_COMMON_ACCESSORY,Rank 2,Gwaranga Pincer,2,Sturdy Bone,4,,,,
Crow Stone,0,0,0,6,EQ_COMMON_ACCESSORY,Rank 3,Blue Feather,2,Tectite Ore,4,,,,
Fenrir Talisman,0,0,0,7,EQ_COMMON_ACCESSORY,Rank 3,Razor Feather,2,Stalactite,4,,,,
Fenrir Stone,0,0,0,7,EQ_COMMON_ACCESSORY,Rank 4,Acidic Liquid,2,Essence Stone,4,,,,
Pyrios Talisman,0,0,0,8,EQ_COMMON_ACCESSORY,Rank 3,Accursed Shell,2,Stalactite,4,,,,
Pyrios Stone,0,0,0,8,EQ_COMMON_ACCESSORY,Rank 4,Sunlight Fang,2,Essence Stone,4,,,,
Dragon Pauldron,0,0,0,9,EQ_COMMON_ACCESSORY,Rank 3,Lustrous Scale,2,Stalactite,4,,,,
Dragon Stone,0,0,0,9,EQ_COMMON_ACCESSORY,Rank 4,Dandale Horn,2,Essence Stone,4,,,,
Nature Talisman,0,0,0,4,EQ_COMMON_ACCESSORY,Rank 4,Great Tree Lumber,4,Dragon Crest Stone,4,Rim Flower,4,Saurian Fang,4
Warrior Seal,0,0,0,11,EQ_COMMON_ACCESSORY,Rank 1,Light Bone,8,Flexible Branch,4,,,,
Warrior Seal II,0,0,0,11,EQ_COMMON_ACCESSORY,Rank 2,Sturdy Bone,8,Sturdy Lumber,4,,,,
Warrior Seal III,0,0,0,11,EQ_COMMON_ACCESSORY,Rank 3,Beast Bone,8,Warm Lumber,4,,,,
Warrior Seal IV,0,0,0,11,EQ_COMMON_ACCESSORY,Rank 4,Ancient Bone,8,Ancient Lumber,4,,,,
Red Cape,0,0,0,12,EQ_COMMON_ACCESSORY,Rank 1,Beast Claw,2,Thin Hide,8,,,,
Blood Moon Charm,0,0,0,12,EQ_COMMON_ACCESSORY,Rank 5,Starry Shell,2,Essence Panzer,2,,,,
Blue Cape,0,0,0,13,EQ_COMMON_ACCESSORY,Rank 1,Remex,2,Thin Hide,8,,,,
Blue Moon Charm,0,0,0,13,EQ_COMMON_ACCESSORY,Rank 5,Lunar Wings,2,Essence Panzer,2,,,,
Gold Cape,0,0,0,14,EQ_COMMON_ACCESSORY,Rank 5,Strong Shell,2,Thin Hide,8,,,,
Sun Talisman,0,0,0,14,EQ_COMMON_ACCESSORY,Rank 5,Sunlight Fang,2,Essence Panzer,2,,,,
Hunter Hat,0,0,0,15,EQ_COMMON_ACCESSORY,Rank 2,Remex,2,Thick Hide,4,,,,
Pirate Bandanna,0,0,0,15,EQ_COMMON_ACCESSORY,Rank 4,Saurian Fang,2,Hard Fiber,2,,,,
Dancer Shawl,0,0,0,16,EQ_COMMON_ACCESSORY,Rank 2,Soft Fiber,2,Thick Hide,4,,,,
Juggler Scarf,0,0,0,16,EQ_COMMON_ACCESSORY,Rank 4,Starry Shell,2,Hard Fiber,2,,,,
Blood Fang,0,0,0,17,EQ_COMMON_ACCESSORY,Rank 2,Zaspion Tail,2,Sword Tip Fang,2,Sturdy Lumber,2,,
Crimson Fang,0,0,0,17,EQ_COMMON_ACCESSORY,Rank 7,Saurian Carapace,2,Saurian Fang,2,Great Tree Lumber,2,,
Athlete Ring,0,0,0,18,EQ_COMMON_ACCESSORY,Rank 2,Lustrous Scale,2,Sturdy Lumber,4,,,,
Athlete Belt,0,0,0,19,EQ_COMMON_ACCESSORY,Rank 2,Salamandine Hide,2,Soft Fiber,2,,,,
Sage Belt,0,0,0,19,EQ_COMMON_ACCESSORY,Rank 4,Blue Feather,2,Hard Fiber,2,,,,
Hero Belt,0,0,0,20,EQ_COMMON_ACCESSORY,Rank 2,Razor Feather,2,Soft Fiber,2,,,,
Legend Belt,0,0,0,20,EQ_COMMON_ACCESSORY,Rank 4,Diamond Shell,2,Hard Fiber,2,,,,
Wanderer Cloak,0,0,0,21,EQ_COMMON_ACCESSORY,Rank 5,Underworld Hide,6,Sunlight Fang,6,,,,
Hero Cloak,0,0,0,22,EQ_COMMON_ACCESSORY,Rank 5,Underworld Hide,12,Lunar Wings,12,,,,
Tiger Claw,0,0,0,23,EQ_COMMON_ACCESSORY,Rank 5,Thunder Claw,2,Diamond Shell,2,,,,
Eagle Fencer,0,0,0,24,EQ_COMMON_ACCESSORY,Rank 4,Blue Feather,2,Ancient Hide,2,,,,
Hawk Wing,0,0,0,25,EQ_COMMON_ACCESSORY,Rank 4,Lunar Wings,2,Vivine Bitters,2,,,,
Feather Boots,0,0,0,26,EQ_COMMON_ACCESSORY,Rank 5,Lunar Wings,2,Acidic Liquid,2,,,,
Gambler Coin,0,0,0,27,EQ_COMMON_ACCESSORY,Rank 2,Gwaranga Pincer,2,Bullfrodon Mucus,2,Salamandine Hide,2,,
Savage Mask,0,0,0,28,EQ_COMMON_ACCESSORY,Rank 4,Zaspion Tail,2,Vivine Bitters,2,Essence Panzer,2,Saurian Scale,2
Fighter Helmet,0,0,0,29,EQ_COMMON_ACCESSORY,Rank 5,Dornicle Shell,2,Dandale Horn,2,Saurian Fang,2,,
Jade Pendant,0,0,0,30,EQ_COMMON_ACCESSORY,Rank 1,,,,,,,,
Jewel Brooch,0,0,0,18,EQ_COMMON_ACCESSORY,Rank 1,,,,,,,,
Old Seal Ring,0,0,0,15,EQ_COMMON_ACCESSORY,Rank 1,,,,,,,,
Ocean Hogeki,0,0,0,18,EQ_COMMON_ACCESSORY,Rank 5,Underworld Bone,10,Underworld Hide,10,,,,
Earth Orb,0,0,0,10,EQ_COMMON_ACCESSORY,Rank 5,Saurian Carapace,10,Underworld Bone,10,,,,
Sky Crown,0,0,0,31,EQ_COMMON_ACCESSORY,Rank 5,Saurian Carapace,10,Underworld Hide,10,,,,
Saint Ring,0,0,0,18,EQ_COMMON_ACCESSORY,Rank 5,Underworld Bone,20,Dragon Crest Stone,20,,,,
Spirit Necklace,0,0,0,32,EQ_COMMON_ACCESSORY,Rank 4,Underworld Bone,20,Great Tree Lumber,20,,,,
Gray Pauldron,0,0,0,9,EQ_COMMON_ACCESSORY,Rank 3,Lustrous Scale,2,Stalactite,2,,,,
Prominent Cloak,0,0,0,33,EQ_COMMON_ACCESSORY,Rank 5,Underworld Hide,20,Starry Shell,20,,,,
Dragon Talisman,0,0,0,9,EQ_COMMON_ACCESSORY,Rank 3,Saurian Scale,2,Tectite Ore,4,,,,
Slash Medal,0,0,0,35,EQ_COMMON_ACCESSORY,Rank 1,Prismatic Jewel,2,Underworld Bone,2,,,,
Pierce Medal,0,0,0,36,EQ_COMMON_ACCESSORY,Rank 1,Prismatic Jewel,2,Underworld Hide,2,,,,
Strike Medal,0,0,0,37,EQ_COMMON_ACCESSORY,Rank 1,Prismatic Jewel,2,Saurian Carapace,2,,,,
Chain Mail,0,45,0,100,EQ_AM_ARMOR,Rank 1,Iron Ore,2,Strong Shell,2,,,,
Riveted Leather,3,41,0,800,EQ_AM_ARMOR,Rank 2,Sturdy Bone,4,Thick Hide,4,,,,
Ring Mail,0,78,0,2800,EQ_AM_ARMOR,Rank 1,Iron Ore,4,Strong Shell,4,,,,
Bone Breastplate,6,73,0,3000,EQ_AM_ARMOR,Rank 2,Sturdy Bone,8,Thick Hide,8,,,,
Black Iron Armor,0,102,0,4000,EQ_AM_ARMOR,Rank 2,Iron Ore,8,Accursed Shell,2,,,,
Ruddy Breastplate,10,97,0,4200,EQ_AM_ARMOR,Rank 3,Beast Bone,2,Beast Hide,2,,,,
Lamellar Armor,0,148,0,7000,EQ_AM_ARMOR,Rank 4,Tectite Ore,2,Accursed Shell,4,,,,
Brigandine,13,142,0,7500,EQ_AM_ARMOR,Rank 4,Beast Bone,8,Beast Hide,8,Saurian Scale,1,,
Reflex,0,174,0,10000,EQ_AM_ARMOR,Rank 5,Tectite Ore,4,Diamond Shell,2,,,,
Bandit Guard,16,167,0,11000,EQ_AM_ARMOR,Rank 4,Ancient Bone,2,Ancient Hide,2,Saurian Scale,2,,
Anointed Armor,0,196,0,17000,EQ_AM_ARMOR,Rank 4,Essence Stone,2,Diamond Shell,4,,,,
Gladiator Armor,20,188,0,18000,EQ_AM_ARMOR,Rank 4,Ancient Bone,8,Ancient Hide,8,Saurian Scale,4,,
Dragon Armor,0,212,0,26000,EQ_AM_ARMOR,Rank 7,Essence Stone,4,Starry Shell,2,Saurian Scale,4,,
Dragon Breastplate,25,202,0,26000,EQ_AM_ARMOR,Rank 5,Underworld Bone,2,Underworld Hide,2,Saurian Fang,1,,
Shining Chronos,0,237,200,50000,EQ_MAM_ARMOR,Rank 1,Pure Orichalcum,1,,,,,,
Lachesis Flare,0,227,350,50000,EQ_FAM_ARMOR,Rank 1,Pure Orichalcum,1,,,,,,
Nature Vest,0,26,60,100,EQ_MAM_ARMOR,Rank 1,Soft Fiber,2,Flexible Branch,4,,,,
Lively Tunic,0,22,100,100,EQ_FAM_ARMOR,Rank 1,Soft Fiber,2,Small Leaf,4,,,,
Pirate Coat,0,96,100,4000,EQ_MAM_ARMOR,Rank 2,Beast Hide,2,Sturdy Lumber,4,,,,
Oracle Robe,0,92,150,4000,EQ_FAM_ARMOR,Rank 2,Beast Hide,2,Beautiful Flower,4,,,,
Astral Garb,0,185,250,15000,EQ_MAM_ARMOR,Rank 4,Hard Fiber,2,Ancient Lumber,2,,,,
Cosmic Dress,0,180,400,15000,EQ_FAM_ARMOR,Rank 4,Hard Fiber,2,Ancient Flower,2,,,,
Dark Jacket,0,52,0,10,EQ_AM_ARMOR,Rank 2,Thick Hide,4,,,,,,
Beastly Guard,0,112,0,10,EQ_AM_ARMOR,Rank 3,Beast Hide,4,,,,,,
Medium's Cloth,0,155,0,10,EQ_AM_ARMOR,Rank 4,Ancient Hide,4,,,,,,
----防具系----,0,0,0,0,0,Rank 1,,,,,,,,
Torn Jacket,0,16,0,10,EQ_AM_ARMOR,Rank 1,,,,,,,,
----防具系----,0,0,0,0,0,Rank 1,,,,,,,,
Leather Gloves,0,15,100,0,EQ_ARM_BRACELET,Rank 1,Thick Hide,2,,,,,,
Needle Wristband,0,17,0,0,EQ_ARM_BRACELET,Rank 1,Sturdy Lumber,2,Sturdy Bone,2,,,,
Iron Shield,0,25,0,0,EQ_ARM_BRACELET,Rank 2,Lateka Resin,2,Iron Ore,2,,,,
Stone Gloves,0,13,0,0,EQ_ARM_BRACELET,Rank 3,Stalactite,2,Sword Tip Fang,2,,,,
Gauntlets,0,16,0,0,EQ_ARM_BRACELET,Rank 3,Accursed Shell,2,Razor Feather,2,,,,
Power Wrist,10,8,0,0,EQ_ARM_BRACELET,Rank 3,Blue Feather,2,Beast Bone,2,,,,
Red Gloves,0,11,0,0,EQ_ARM_BRACELET,Rank 3,Diamond Shell,2,Beast Bone,2,,,,
Dark Gloves,0,14,0,0,EQ_ARM_BRACELET,Rank 2,Gwaranga Pincer,2,Thick Hide,2,,,,
Bandit Gloves,0,18,0,0,EQ_ARM_BRACELET,Rank 2,Soft Fiber,2,Thick Hide,2,,,,
Blue Gloves,0,10,0,0,EQ_ARM_BRACELET,Rank 2,Bullfrodon Mucus,2,Sturdy Bone,2,,,,
Wood Shield,0,16,0,0,EQ_ARM_BRACELET,Rank 2,Lateka Resin,2,Sturdy Lumber,2,,,,
Bravery Bracelet,75,50,0,0,EQ_ARM_BRACELET,Rank 1,Glow Rock,10,Strange Mass,20,Zaspion Tail,3,,
Soft Gloves,0,30,300,0,EQ_ARM_BRACELET,Rank 2,Soft Fiber,2,Beast Hide,2,,,,
Thorny Wristband,0,55,0,0,EQ_ARM_BRACELET,Rank 3,Warm Lumber,2,Beast Bone,2,,,,
Tectite Shield,0,40,0,0,EQ_ARM_BRACELET,Rank 3,Tectite Ore,4,,,,,,
Bolt Bracelet,0,28,0,0,EQ_ARM_BRACELET,Rank 4,Thunder Claw,2,Vivine Bitters,2,,,,
Heavy Gauntlets,0,32,0,0,EQ_ARM_BRACELET,Rank 3,Essence Panzer,2,Beast Bone,2,,,,
Warrior Wrist,20,22,0,0,EQ_ARM_BRACELET,Rank 4,Saurian Scale,2,Ancient Hide,2,,,,
Crimson Bracelet,0,27,0,0,EQ_ARM_BRACELET,Rank 4,Saurian Scale,2,Ancient Bone,2,,,,
Black Bracelet,0,29,0,0,EQ_ARM_BRACELET,Rank 3,Vivine Bitters,2,Beast Bone,2,,,,
Bandit Bracelet,0,34,0,0,EQ_ARM_BRACELET,Rank 3,Warm Lumber,2,Beast Bone,2,,,,
Blue Bracelet,0,24,0,0,EQ_ARM_BRACELET,Rank 3,Essence Panzer,2,Beast Bone,2,,,,
Barbaric Bracelet,0,26,0,0,EQ_ARM_BRACELET,Rank 3,Saurian Scale,2,Beast Bone,2,,,,
---,0,0,0,0,0,Rank 1,,,,,,,,
Rough Gloves,0,50,500,0,EQ_ARM_BRACELET,Rank 4,Hard Fiber,2,Ancient Hide,2,,,,
Thorny Wristband,0,55,0,0,EQ_ARM_BRACELET,Rank 3,Ancient Lumber,2,Ancient Bone,2,,,,
Essence Shield,0,65,0,0,EQ_ARM_BRACELET,Rank 4,Essence Stone,4,,,,,,
Thunder Gauntlets,0,48,0,0,EQ_ARM_BRACELET,Rank 4,Saurian Scale,2,Ancient Hide,2,,,,
Master Gauntlets,0,53,0,0,EQ_ARM_BRACELET,Rank 4,Dornicle Shell,2,Ancient Bone,2,,,,
Battle Armlet,30,39,0,0,EQ_ARM_BRACELET,Rank 7,Dandale Horn,2,Dragon Crest Stone,2,,,,
Hellfire Gauntlets,0,46,0,0,EQ_ARM_BRACELET,Rank 5,Saurian Fang,2,Underworld Bone,2,Underworld Hide,2,,
Abyssal Gauntlets,0,49,0,0,EQ_ARM_BRACELET,Rank 4,Lunar Wings,2,Ancient Bone,2,,,,
Bandit Gauntlets,0,54,0,0,EQ_ARM_BRACELET,Rank 4,Sunlight Fang,2,Ancient Bone,2,,,,
Blizzard Gauntlets,0,42,0,0,EQ_ARM_BRACELET,Rank 4,Starry Shell,2,Ancient Bone,2,,,,
Chaos Hand,0,44,0,0,EQ_ARM_BRACELET,Rank 4,Dragon Crest Stone,2,Ancient Bone,2,,,,
Savage Wristband,50,75,300,0,EQ_ARM_BRACELET,Rank 5,Saurian Carapace,2,Underworld Bone,2,Underworld Hide,2,,
Eternal Gauntlets,0,100,1000,0,EQ_ARM_BRACELET,Rank 5,Great Tree Lumber,6,Saurian Carapace,4,Underworld Bone,4,Underworld Hide,4
Needle Gauntlets,10,30,0,0,EQ_ARM_BRACELET,Rank 1,Essence Fragment,50,,,,,,
Luminous Gauntlets,20,40,0,0,EQ_ARM_BRACELET,Rank 1,Essence Fragment,350,,,,,,
Light Bone,0,0,0,0,ITEM_TYPE_MATERIAL_BONE,Rank 1,,,,,,,,
Sturdy Bone,0,0,0,0,ITEM_TYPE_MATERIAL_BONE,Rank 1,Light Bone,10,,,,,,
Beast Bone,0,0,0,0,ITEM_TYPE_MATERIAL_BONE,Rank 3,Sturdy Bone,10,,,,,,
Ancient Bone,0,0,0,0,ITEM_TYPE_MATERIAL_BONE,Rank 3,Beast Bone,10,,,,,,
Thin Hide,0,0,0,0,ITEM_TYPE_MATERIAL_LEATHER,Rank 1,,,,,,,,
Thick Hide,0,0,0,0,ITEM_TYPE_MATERIAL_LEATHER,Rank 1,Thin Hide,10,,,,,,
Beast Hide,0,0,0,0,ITEM_TYPE_MATERIAL_LEATHER,Rank 2,Thick Hide,10,,,,,,
Ancient Hide,0,0,0,0,ITEM_TYPE_MATERIAL_LEATHER,Rank 3,Beast Hide,10,,,,,,
Murky Mucus,0,0,0,0,ITEM_TYPE_MATERIAL_LIQUID,Rank 1,,,,,,,,
Sterile Mucus,0,0,0,0,ITEM_TYPE_MATERIAL_LIQUID,Rank 1,Murky Mucus,10,,,,,,
Sparkling Mucus,0,0,0,0,ITEM_TYPE_MATERIAL_LIQUID,Rank 2,Sterile Mucus,10,,,,,,
Ancient Mucus,0,0,0,0,ITEM_TYPE_MATERIAL_LIQUID,Rank 3,Sparkling Mucus,10,,,,,,
Flexible Branch,0,0,0,0,ITEM_TYPE_MATERIAL_WOOD,Rank 1,,,,,,,,
Sturdy Lumber,0,0,0,0,ITEM_TYPE_MATERIAL_WOOD,Rank 1,Flexible Branch,10,,,,,,
Warm Lumber,0,0,0,0,ITEM_TYPE_MATERIAL_WOOD,Rank 2,Sturdy Lumber,10,,,,,,
Ancient Lumber,0,0,0,0,ITEM_TYPE_MATERIAL_WOOD,Rank 3,Warm Lumber,10,,,,,,
Small Leaf,0,0,0,0,ITEM_TYPE_MATERIAL_FLOWER,Rank 1,,,,,,,,
Beautiful Flower,0,0,0,0,ITEM_TYPE_MATERIAL_FLOWER,Rank 1,Small Leaf,10,,,,,,
Sparkling Leaf,0,0,0,0,ITEM_TYPE_MATERIAL_FLOWER,Rank 2,Beautiful Flower,10,,,,,,
Ancient Flower,0,0,0,0,ITEM_TYPE_MATERIAL_FLOWER,Rank 3,Sparkling Leaf,10,,,,,,
Strange Mass,0,0,0,0,ITEM_TYPE_MATERIAL_STONE,Rank 1,,,,,,,,
Iron Ore,0,0,0,0,ITEM_TYPE_MATERIAL_STONE,Rank 1,Strange Mass,10,,,,,,
Tectite Ore,0,0,0,0,ITEM_TYPE_MATERIAL_STONE,Rank 2,Iron Ore,10,,,,,,
Essence Stone,0,0,0,0,ITEM_TYPE_MATERIAL_STONE,Rank 3,Tectite Ore,10,,,,,,
Beast Claw,0,0,0,0,ITEM_TYPE_R_MATERIAL,Rank 2,Murky Mucus,4,Light Bone,4,Flexible Branch,2,,
Remex,0,0,0,0,ITEM_TYPE_R_MATERIAL,Rank 1,Thin Hide,4,Murky Mucus,4,Small Leaf,2,,
Strong Shell,0,0,0,0,ITEM_TYPE_R_MATERIAL,Rank 1,Light Bone,4,Thin Hide,4,Strange Mass,2,,
Soft Fiber,0,0,0,0,ITEM_TYPE_R_MATERIAL,Rank 2,Flexible Branch,4,Small Leaf,4,Strange Mass,2,,
Gwaranga Pincer,0,0,0,0,ITEM_TYPE_R_MATERIAL,Rank 1,Light Bone,10,Thin Hide,10,Murky Mucus,10,Strange Mass,10
Bullfrodon Mucus,0,0,0,0,ITEM_TYPE_R_MATERIAL,Rank 1,Beast Claw,2,Remex,2,Strong Shell,2,Soft Fiber,2
Digitalis Leaf,0,0,0,0,ITEM_TYPE_R_MATERIAL_FLOWER,Rank 1,Small Leaf,6,Flexible Branch,4,,,,
Sword Tip Fang,0,0,0,0,ITEM_TYPE_R_MATERIAL,Rank 2,Sterile Mucus,4,Sturdy Bone,4,Sturdy Lumber,2,,
Razor Feather,0,0,0,0,ITEM_TYPE_R_MATERIAL,Rank 2,Thick Hide,4,Sterile Mucus,4,Beautiful Flower,2,,
Accursed Shell,0,0,0,0,ITEM_TYPE_R_MATERIAL,Rank 2,Sturdy Bone,4,Thick Hide,4,Iron Ore,2,,
Lustrous Scale,0,0,0,0,ITEM_TYPE_R_MATERIAL,Rank 2,Sturdy Lumber,4,Beautiful Flower,4,Iron Ore,2,,
Salamandine Hide,0,0,0,0,ITEM_TYPE_R_MATERIAL,Rank 2,Sturdy Bone,10,Thick Hide,10,Sterile Mucus,10,Iron Ore,10
Zaspion Tail,0,0,0,0,ITEM_TYPE_R_MATERIAL,Rank 3,Sword Tip Fang,2,Razor Feather,2,Accursed Shell,2,Lustrous Scale,2
Big Pearl,0,0,0,0,ITEM_TYPE_R_MATERIAL,Rank 2,Iron Ore,30,,,,,,
Glow Rock,0,0,0,0,ITEM_TYPE_R_MATERIAL_STONE,Rank 5,Bait,2,,,,,,
Stalactite,0,0,0,0,ITEM_TYPE_R_MATERIAL_STONE,Rank 3,Iron Ore,8,,,,,,
Lateka Resin,0,0,0,0,ITEM_TYPE_R_MATERIAL_WOOD,Rank 2,Sturdy Lumber,8,,,,,,
Thunder Claw,0,0,0,0,ITEM_TYPE_R_MATERIAL,Rank 3,Sparkling Mucus,4,Beast Bone,4,Warm Lumber,2,,
Blue Feather,0,0,0,0,ITEM_TYPE_R_MATERIAL,Rank 3,Beast Hide,4,Sparkling Mucus,4,Sparkling Leaf,2,,
Diamond Shell,0,0,0,0,ITEM_TYPE_R_MATERIAL,Rank 4,Beast Bone,4,Beast Hide,4,Tectite Ore,2,,
Hard Fiber,0,0,0,0,ITEM_TYPE_R_MATERIAL,Rank 3,Warm Lumber,4,Sparkling Leaf,4,Tectite Ore,2,,
Vivine Bitters,0,0,0,0,ITEM_TYPE_R_MATERIAL,Rank 4,Beast Bone,10,Beast Hide,10,Sparkling Mucus,10,Tectite Ore,10
Essence Panzer,0,0,0,0,ITEM_TYPE_R_MATERIAL,Rank 4,Thunder Claw,2,Blue Feather,2,Diamond Shell,2,Hard Fiber,2
Saurian Scale,0,0,0,0,ITEM_TYPE_R_MATERIAL,Rank 3,Tectite Ore,12,,,,,,
Moonlight Grass,0,0,0,0,ITEM_TYPE_R_MATERIAL_FLOWER,Rank 3,Sparkling Mucus,20,,,,,,
Rim Flower,0,0,0,0,ITEM_TYPE_R_MATERIAL_FLOWER,Rank 5,Sparkling Leaf,6,Warm Lumber,4,,,,
Sunlight Fang,0,0,0,0,ITEM_TYPE_R_MATERIAL,Rank 4,Ancient Mucus,4,Ancient Bone,4,Ancient Lumber,2,,
Lunar Wings,0,0,0,0,ITEM_TYPE_R_MATERIAL,Rank 4,Ancient Hide,4,Ancient Mucus,4,Ancient Flower,2,,
Starry Shell,0,0,0,0,ITEM_TYPE_R_MATERIAL,Rank 4,Ancient Bone,4,Ancient Hide,4,Essence Stone,2,,
Acidic Liquid,0,0,0,0,ITEM_TYPE_R_MATERIAL,Rank 4,Ancient Lumber,4,Ancient Flower,4,Essence Stone,2,,
Dornicle Shell,0,0,0,0,ITEM_TYPE_R_MATERIAL,Rank 4,Ancient Bone,10,Ancient Hide,10,Ancient Mucus,10,Essence Stone,10
Dandale Horn,0,0,0,0,ITEM_TYPE_R_MATERIAL,Rank 5,Sunlight Fang,2,Lunar Wings,2,Starry Shell,2,Acidic Liquid,2
Saurian Fang,0,0,0,0,ITEM_TYPE_R_MATERIAL,Rank 4,Saurian Scale,10,,,,,,
Dragon Crest Stone,0,0,0,0,ITEM_TYPE_R_MATERIAL_STONE,Rank 4,Essence Stone,8,,,,,,
Great Tree Lumber,0,0,0,0,ITEM_TYPE_R_MATERIAL_WOOD,Rank 4,Ancient Lumber,6,Ancient Flower,4,,,,
Underworld Bone,0,0,0,0,ITEM_TYPE_R_MATERIAL,Rank 4,Ancient Bone,4,Essence Stone,4,Ancient Lumber,4,,
Underworld Hide,0,0,0,0,ITEM_TYPE_R_MATERIAL,Rank 4,Ancient Hide,4,Ancient Mucus,4,Ancient Flower,4,,
Saurian Carapace,0,0,0,0,ITEM_TYPE_R_MATERIAL,Rank 5,Saurian Fang,8,,,,,,
Rivera's Undying Flower,0,0,0,0,ITEM_TYPE_R_MATERIAL_FLOWER,Rank 4,Ancient Flower,20,,,,,,
Pure Orichalcum,0,0,0,0,ITEM_TYPE_R_MATERIAL_STONE,Rank 1,,,,,,,,
Aura Grass,0,0,0,0,ITEM_TYPE_R_MATERIAL_FLOWER,Rank 7,Ancient Bone,30,,,,,,
Aura Grass,0,0,0,0,ITEM_TYPE_R_MATERIAL_FLOWER,Rank 7,Ancient Hide,30,,,,,,
Aura Grass,0,0,0,0,ITEM_TYPE_R_MATERIAL_FLOWER,Rank 7,Ancient Mucus,30,,,,,,
Aura Grass,0,0,0,0,ITEM_TYPE_R_MATERIAL_FLOWER,Rank 7,Ancient Lumber,30,,,,,,
Aura Grass,0,0,0,0,ITEM_TYPE_R_MATERIAL_FLOWER,Rank 7,Ancient Flower,30,,,,,,
Aura Grass,0,0,0,0,ITEM_TYPE_R_MATERIAL_FLOWER,Rank 7,Essence Stone,30,,,,,,
Heal Potion,0,0,0,0,ITEM_TYPE_USEDRUG_BOTTLE_99,Rank 1,Empty Bottle,1,Digitalis Leaf,1,Murky Mucus,1,,
Full Potion,0,0,0,0,ITEM_TYPE_USEDRUG_BOTTLE_99,Rank 3,Empty Bottle,1,Rim Flower,1,Sparkling Mucus,1,,
Revive Medicine,0,0,0,0,ITEM_TYPE_USEDRUG_BOTTLE_99,Rank 2,Empty Bottle,1,Beautiful Flower,1,Sterile Mucus,1,,
Great Tree Drop,0,0,0,0,ITEM_TYPE_USEDRUG_BOTTLE_99,Rank 3,Empty Bottle,1,Great Tree Lumber,1,Ancient Mucus,1,,
Moon Tears,0,0,0,0,ITEM_TYPE_USEDRUG_BOTTLE_99,Rank 3,Empty Bottle,1,Moonlight Grass,1,Sparkling Mucus,1,,
Impetuous Water,0,0,0,0,ITEM_TYPE_USEDRUG_BOTTLE_99,Rank 3,Empty Bottle,1,Sparkling Mucus,1,Sparkling Leaf,1,,
Dynastic Water,0,0,0,0,ITEM_TYPE_USEDRUG_BOTTLE_99,Rank 3,Empty Bottle,1,Ancient Mucus,1,Ancient Flower,1,,
Medicine,0,0,0,0,ITEM_TYPE_USEDRUG_99,Rank 1,Essence Fragment,10,,,,,,
Full Medicine,0,0,0,0,ITEM_TYPE_USEDRUG_99,Rank 1,Essence Fragment,25,,,,,,
Antidote,0,0,0,0,ITEM_TYPE_USEDRUG_99,Rank 1,Small Leaf,2,Light Bone,2,,,,
Eyedrop,0,0,0,0,ITEM_TYPE_USEDRUG_99,Rank 1,Murky Mucus,2,Flexible Branch,2,,,,
Antiparalytic,0,0,0,0,ITEM_TYPE_USEDRUG_99,Rank 1,Small Leaf,2,Thin Hide,2,,,,
Defrost Medicine,0,0,0,0,ITEM_TYPE_USEDRUG_99,Rank 2,Beautiful Flower,2,Thick Hide,2,,,,
Burn Medicine,0,0,0,0,ITEM_TYPE_USEDRUG_99,Rank 1,Beautiful Flower,2,Sturdy Bone,2,,,,
Hemostatic,0,0,0,0,ITEM_TYPE_USEDRUG_99,Rank 2,Sterile Mucus,2,Sturdy Lumber,2,,,,
Remedy,0,0,0,0,ITEM_TYPE_USEDRUG_99,Rank 1,Moonlight Grass,2,Rim Flower,2,,,,
Antiparalytic,0,0,0,0,ITEM_TYPE_USEDRUG_99,Rank 1,Essence Fragment,3,,,,,,
Burn Medicine,0,0,0,0,ITEM_TYPE_USEDRUG_99,Rank 1,Essence Fragment,3,,,,,,
Remedy,0,0,0,0,ITEM_TYPE_USEDRUG_99,Rank 1,Essence Fragment,10,,,,,,
Sweet Remedy,0,0,0,0,ITEM_TYPE_USEDRUG_99,Rank 2,Bullfrodon Mucus,2,Beautiful Flower,4,,,,
Bitter Remedy,0,0,0,0,ITEM_TYPE_USEDRUG_99,Rank 3,Vivine Bitters,2,Sparkling Leaf,4,,,,
Hermit's Remedy,0,0,0,0,ITEM_TYPE_USEDRUG_99,Rank 4,Acidic Liquid,8,Ancient Flower,4,,,,
Power Elixir,0,0,0,0,ITEM_TYPE_USEDRUG_99,Rank 1,Aura Grass,3,,,,,,
Defense Elixir,0,0,0,0,ITEM_TYPE_USEDRUG_99,Rank 1,Aura Grass,3,,,,,,
Life Elixir,0,0,0,0,ITEM_TYPE_USEDRUG_99,Rank 1,Aura Grass,3,,,,,,
Spirit Elixir,0,0,0,0,ITEM_TYPE_USESPDRUG_99,Rank 5,Underworld Bone,20,Underworld Hide,20,,,,
Tempest Elixir,0,0,0,0,ITEM_TYPE_USEDRUG_99,Rank 1,,,,,,,,
Bestiary Potion,0,0,0,0,ITEM_TYPE_USEDRUG_99,Rank 1,,,,,,,,
Cruberry,0,0,0,0,ITEM_TYPE_USEFRUIT_99,Rank 1,,,,,,,,
Coconut,0,0,0,0,ITEM_TYPE_USEFRUIT_99,Rank 1,,,,,,,,
Mango,0,0,0,0,ITEM_TYPE_USEFRUIT_99,Rank 1,,,,,,,,
Dragon Tree Fruit,0,0,0,0,ITEM_TYPE_USEFRUIT_99,Rank 1,,,,,,,,
Ripe Cruberry,0,0,0,0,ITEM_TYPE_USEFRUIT_99,Rank 1,Cruberry,4,,,,,,
Ripe Coconut,0,0,0,0,ITEM_TYPE_USEFRUIT_99,Rank 1,Coconut,4,,,,,,
Ripe Mango,0,0,0,0,ITEM_TYPE_USEFRUIT_99,Rank 1,Mango,4,,,,,,
Dragon Tree Treasure,0,0,0,0,ITEM_TYPE_USEFRUIT_99,Rank 4,Dragon Tree Fruit,4,,,,,,
Pearl Talisman,0,0,0,38,EQ_COMMON_ACCESSORY,Rank 3,Big Pearl,2,Stalactite,1,,,,
Placid Talisman,0,0,0,38,EQ_COMMON_ACCESSORY,Rank 3,Glow Rock,4,Moonlight Grass,2,Rivera's Undying Flower,1,Big Pearl,2
Hope Stone,0,0,0,39,EQ_COMMON_ACCESSORY,Rank 1,Glow Rock,3,Flexible Branch,2,Beautiful Flower,1,,
Luminous Ring,0,0,0,39,EQ_COMMON_ACCESSORY,Rank 1,Big Pearl,8,Lustrous Scale,1,Prismatic Jewel,1,,
Devil Fang,0,0,0,17,EQ_COMMON_ACCESSORY,Rank 1,Underworld Bone,2,Saurian Carapace,2,Rivera's Undying Flower,3,Prismatic Jewel,1
Wings of Heavenly Flight,0,0,0,24,EQ_COMMON_ACCESSORY,Rank 4,Glow Rock,6,Moonlight Grass,4,Rivera's Undying Flower,2,Lunar Wings,1
Wheel of Eternity,0,0,0,40,EQ_COMMON_ACCESSORY,Rank 4,Glow Rock,2,Hard Fiber,6,Saurian Scale,2,,
Crown of Creation,0,0,0,41,EQ_COMMON_ACCESSORY,Rank 5,Sunlight Fang,4,Lunar Wings,2,,,,
Stone of Antiquity,0,0,0,18,EQ_COMMON_ACCESSORY,Rank 1,Prismatic Jewel,4,Sparkling Leaf,6,,,,
Garment of Many Tongues,0,0,0,42,EQ_COMMON_ACCESSORY,Rank 4,Saurian Scale,4,Starry Shell,4,Underworld Hide,2,,
Fish Soup,0,0,0,3,ITEM_TYPE_USECOOK_9,Rank 2,Rock Salt,1,White Meat,1,,,,
Mushroom Omelet,0,0,0,3,ITEM_TYPE_USECOOK_9,Rank 1,Pheasant Egg,1,White Mushroom,1,Mual Clam,1,,
Hearty Ratatouille,0,0,0,2,ITEM_TYPE_USECOOK_9,Rank 1,Honey,1,Red Meat,1,Eggplant,1,,
Colorful Meunière,0,0,0,3,ITEM_TYPE_USECOOK_9,Rank 1,Seiren Wheat,1,White Mushroom,1,White Meat,1,Sweet Pepper,1
Seafood Quiche,0,0,0,2,ITEM_TYPE_USECOOK_9,Rank 1,Seiren Wheat,1,Pheasant Egg,1,Mual Clam,1,White Meat,1
Cabbage Rolls,0,0,0,1,ITEM_TYPE_USECOOK_9,Rank 1,Rock Salt,1,Honey,1,Red Meat,1,Cabbage,1
Meat-Wrapped Mushrooms,0,0,0,5,ITEM_TYPE_USECOOK_9,Rank 1,Rock Salt,1,White Mushroom,2,Primitive Meat,1,Corn,1
Fish Fry,0,0,0,4,ITEM_TYPE_USECOOK_9,Rank 1,Seiren Wheat,1,Pheasant Egg,1,White Meat,2,Tomato,1
Pirate's Platter,0,0,0,5,ITEM_TYPE_USECOOK_9,Rank 1,Mual Clam,1,Red Meat,1,Primitive Meat,2,Pumpkin,1
Luxurious Coleslaw,0,0,0,2,ITEM_TYPE_USECOOK_9,Rank 1,Rock Salt,1,Honey,1,Cabbage,2,Corn,2
Heartfelt Bolognese,0,0,0,4,ITEM_TYPE_USECOOK_9,Rank 1,Seiren Wheat,1,Primitive Meat,1,Eggplant,2,Tomato,2
Great Pumpkin Pie,0,0,0,4,ITEM_TYPE_USECOOK_9,Rank 1,Honey,1,Seiren Wheat,1,Sweet Pepper,2,Pumpkin,2
Fresh Vegetable Juice,0,0,0,0,ITEM_TYPE_USEDRINK_99,Rank 1,Eggplant,30,,,,,,
Fresh Vegetable Juice,0,0,0,0,ITEM_TYPE_USEDRINK_99,Rank 1,Sweet Pepper,30,,,,,,
Fresh Vegetable Juice,0,0,0,0,ITEM_TYPE_USEDRINK_99,Rank 1,Cabbage,30,,,,,,
Fresh Vegetable Juice,0,0,0,0,ITEM_TYPE_USEDRINK_99,Rank 1,Corn,30,,,,,,
Fresh Vegetable Juice,0,0,0,0,ITEM_TYPE_USEDRINK_99,Rank 1,Tomato,30,,,,,,
Fresh Vegetable Juice,0,0,0,0,ITEM_TYPE_USEDRINK_99,Rank 1,Pumpkin,30,,,,,,
Fresh Vegetable Juice,0,0,0,0,ITEM_TYPE_USEDRINK_99,Rank 1,Various Vegetables,30,,,,,,
Cabbage Recipe,0,0,0,0,ITEM_TYPE_USEBOOK_9,Rank 1,Red Meat,10,Cabbage,10,,,,
Mushroom Recipe,0,0,0,0,ITEM_TYPE_USEBOOK_9,Rank 3,Primitive Meat,10,White Mushroom,10,,,,
Bolognese Recipe,0,0,0,0,ITEM_TYPE_USEBOOK_9,Rank 1,Primitive Meat,10,Tomato,10,,,,
Insect Repellent,0,0,0,0,ITEM_TYPE_USEEVENT_99,Rank 1,Sturdy Bone,2,Thick Hide,2,Sterile Mucus,2,,
Beast Guide,0,0,0,0,ITEM_TYPE_USEBOOK_9,Rank 5,Saurian Carapace,2,Saurian Fang,2,,,,
Rock Salt,0,0,0,0,ITEM_TYPE_COOKSTUFF,Rank 1,Light Bone,4,,,,,,
Honey,0,0,0,0,ITEM_TYPE_COOKSTUFF,Rank 1,Thin Hide,4,,,,,,
Seiren Wheat,0,0,0,0,ITEM_TYPE_COOKSTUFF,Rank 1,Flexible Branch,4,,,,,,
Pheasant Egg,0,0,0,0,ITEM_TYPE_COOKSTUFF,Rank 1,Small Leaf,4,,,,,,
White Mushroom,0,0,0,0,ITEM_TYPE_COOKSTUFF,Rank 2,Seiren Wheat,2,,,,,,
Mual Clam,0,0,0,0,ITEM_TYPE_COOKSTUFF,Rank 2,Pheasant Egg,2,,,,,,
Red Meat,0,0,0,0,ITEM_TYPE_COOKSTUFF,Rank 1,White Mushroom,2,,,,,,
White Meat,0,0,0,0,ITEM_TYPE_COOKSTUFF,Rank 1,Mual Clam,2,,,,,,
Primitive Meat,0,0,0,0,ITEM_TYPE_COOKSTUFF,Rank 4,Red Meat,4,White Meat,4,,,,
Sweet Pepper,0,0,0,0,ITEM_TYPE_COOKSTUFF,Rank 1,,,,,,,,
Eggplant,0,0,0,0,ITEM_TYPE_COOKSTUFF,Rank 1,,,,,,,,
Cabbage,0,0,0,0,ITEM_TYPE_COOKSTUFF,Rank 1,,,,,,,,
Corn,0,0,0,0,ITEM_TYPE_COOKSTUFF,Rank 1,,,,,,,,
Tomato,0,0,0,0,ITEM_TYPE_COOKSTUFF,Rank 1,,,,,,,,
Pumpkin,0,0,0,0,ITEM_TYPE_COOKSTUFF,Rank 1,,,,,,,,
Tempest Elixir,0,0,0,0,ITEM_TYPE_USEDRUG_99,Rank 1,Essence Fragment,300,,,,,,
Power Elixir,0,0,0,0,ITEM_TYPE_USEDRUG_99,Rank 1,Essence Fragment,500,,,,,,
Defense Elixir,0,0,0,0,ITEM_TYPE_USEDRUG_99,Rank 1,Essence Fragment,500,,,,,,
Life Elixir,0,0,0,0,ITEM_TYPE_USEDRUG_99,Rank 1,Essence Fragment,500,,,,,,
Empty Bottle,0,0,0,0,ITEM_TYPE_INVENTORY,Rank 1,Gwaranga Pincer,10,Bullfrodon Mucus,10,,,,
Empty Bottle,0,0,0,0,ITEM_TYPE_INVENTORY,Rank 1,Vivine Bitters,10,Essence Panzer,10,,,,
Empty Bottle,0,0,0,0,ITEM_TYPE_INVENTORY,Rank 1,Dornicle Shell,10,Dandale Horn,10,,,,
Bait,0,0,0,0,ITEM_TYPE_INVENTORY,Rank 4,Red Meat,2,White Meat,2,,,,
Fishing Rod,0,0,0,0,ITEM_TYPE_INVENTORY,Rank 1,,,,,,,,
Sadina,0,0,0,0,ITEM_TYPE_FISH,Rank 2,Rock Salt,2,,,,,,
Boleh,0,0,0,0,ITEM_TYPE_FISH,Rank 3,Mual Clam,2,,,,,,
Blue Saddie,0,0,0,0,ITEM_TYPE_FISH,Rank 1,Eggplant,2,,,,,,
Amana,0,0,0,0,ITEM_TYPE_FISH,Rank 2,Antidote,2,,,,,,
Seiren Trout,0,0,0,0,ITEM_TYPE_FISH,Rank 1,Cruberry,2,,,,,,
Garvis,0,0,0,0,ITEM_TYPE_FISH,Rank 1,Sweet Pepper,2,,,,,,
Robushu,0,0,0,0,ITEM_TYPE_FISH,Rank 2,Eyedrop,2,,,,,,
Queen Boleh,0,0,0,0,ITEM_TYPE_FISH,Rank 2,Digitalis Leaf,2,,,,,,
Saman,0,0,0,0,ITEM_TYPE_FISH,Rank 2,Antiparalytic,2,,,,,,
Gaete Tuna,0,0,0,0,ITEM_TYPE_FISH,Rank 1,Cabbage,2,,,,,,
Mirage,0,0,0,0,ITEM_TYPE_FISH,Rank 2,Burn Medicine,2,,,,,,
Ryunga,0,0,0,0,ITEM_TYPE_FISH,Rank 3,Lateka Resin,2,,,,,,
Rowana,0,0,0,0,ITEM_TYPE_FISH,Rank 3,Hemostatic,2,,,,,,
Diplomis,0,0,0,0,ITEM_TYPE_FISH,Rank 3,Stalactite,2,,,,,,
Archaedon,0,0,0,0,ITEM_TYPE_FISH,Rank 1,Corn,2,,,,,,
King Saman,0,0,0,0,ITEM_TYPE_FISH,Rank 1,Coconut,2,,,,,,
Aqua Marina,0,0,0,0,ITEM_TYPE_FISH,Rank 3,Defrost Medicine,2,,,,,,
Piraru,0,0,0,0,ITEM_TYPE_FISH,Rank 1,Tomato,2,,,,,,
Dino Styx,0,0,0,0,ITEM_TYPE_FISH,Rank 1,Mango,2,,,,,,
Goliathus,0,0,0,0,ITEM_TYPE_FISH,Rank 3,Sweet Remedy,2,,,,,,
Gia Wells,0,0,0,0,ITEM_TYPE_FISH,Rank 1,Pumpkin,2,,,,,,
Coelarcanth,0,0,0,0,ITEM_TYPE_FISH,Rank 1,Dragon Tree Fruit,2,,,,,,
Hineria,0,0,0,0,ITEM_TYPE_FISH,Rank 4,Rim Flower,2,,,,,,
Carcharodon,0,0,0,0,ITEM_TYPE_FISH,Rank 4,Bitter Remedy,2,,,,,,
Grand Angler,0,0,0,0,ITEM_TYPE_FISH,Rank 2,Ripe Mango,2,,,,,,
Nebulobrim,0,0,0,0,ITEM_TYPE_FISH,Rank 3,Big Pearl,8,,,,,,
Bulldart,0,0,0,0,ITEM_TYPE_FISH,Rank 5,Hermit's Remedy,2,,,,,,
Ancient Abyss,0,0,0,0,ITEM_TYPE_FISH,Rank 1,Aura Grass,4,Prismatic Jewel,2,,,,
Star Earring,0,0,0,2,EQ_COMMON_ACCESSORY,Rank 1,Essence Fragment,30,,,,,,
Lightning Talisman,0,0,0,4,EQ_COMMON_ACCESSORY,Rank 1,Essence Fragment,50,,,,,,
Saurian God Talisman,0,0,0,4,EQ_COMMON_ACCESSORY,Rank 1,Essence Fragment,50,,,,,,
Spirit Necklace,0,0,0,32,EQ_COMMON_ACCESSORY,Rank 4,Essence Fragment,600,,,,,,
Precise Needle,0,0,0,0,ITEM_TYPE_INVENTORY,Rank 3,Salamandine Hide,2,,,,,,
Romun Badge,0,0,0,0,ITEM_TYPE_INVENTORY,Rank 1,,,,,,,,
Small Ruby,0,0,0,0,ITEM_TYPE_INVENTORY,Rank 3,Acidic Liquid,1,,,,,,
Rainbow Pigment,0,0,0,0,ITEM_TYPE_INVENTORY,Rank 1,,,,,,,,
Ship Nameplate,0,0,0,0,ITEM_TYPE_INVENTORY,Rank 1,,,,,,,,
Silver Barrette,0,0,0,0,ITEM_TYPE_INVENTORY,Rank 4,Zaspion Tail,2,,,,,,
Golden Emblem,0,0,0,0,ITEM_TYPE_INVENTORY,Rank 1,,,,,,,,
Sticky Burr,0,0,0,0,ITEM_TYPE_INVENTORY,Rank 5,Lunar Wings,1,,,,,,
Violet Bookmark,0,0,0,0,ITEM_TYPE_INVENTORY,Rank 1,,,,,,,,
Rich Haul Banner,0,0,0,0,ITEM_TYPE_INVENTORY,Rank 3,Razor Feather,4,,,,,,
Jasper Pearl,0,0,0,0,ITEM_TYPE_INVENTORY,Rank 4,Blue Feather,4,,,,,,
Silver Rosary,0,0,0,0,ITEM_TYPE_INVENTORY,Rank 4,Hard Fiber,4,,,,,,
Gladiator Sheath,0,0,0,0,ITEM_TYPE_INVENTORY,Rank 5,Dornicle Shell,1,,,,,,
Engraved Pen,0,0,0,0,ITEM_TYPE_INVENTORY,Rank 1,,,,,,,,
Silver Music Box,0,0,0,0,ITEM_TYPE_INVENTORY,Rank 4,Diamond Shell,4,,,,,,
Gold Essence Crystal,0,0,0,0,ITEM_TYPE_INVENTORY,Rank 1,,,,,,,,
Ancient Coin,0,0,0,0,ITEM_TYPE_INVENTORY,Rank 1,,,,,,,,
Hard Liquor,0,0,0,0,ITEM_TYPE_INVENTORY,Rank 3,Lustrous Scale,4,,,,,,
Iron Knuckle,0,0,0,0,ITEM_TYPE_INVENTORY,Rank 1,,,,,,,,
Snowflake Soap,0,0,0,0,ITEM_TYPE_INVENTORY,Rank 1,,,,,,,,
Juggling Balls,0,0,0,0,ITEM_TYPE_INVENTORY,Rank 5,Sunlight Fang,1,,,,,,
Antique Tea Set,0,0,0,0,ITEM_TYPE_INVENTORY,Rank 6,Dandale Horn,1,,,,,,
Ultra Chef Knife,0,0,0,0,ITEM_TYPE_INVENTORY,Rank 5,Essence Panzer,2,,,,,,
Teddy Bear,0,0,0,0,ITEM_TYPE_INVENTORY,Rank 3,Sword Tip Fang,4,,,,,,
Elegant Glasses,0,0,0,0,ITEM_TYPE_INVENTORY,Rank 4,Thunder Claw,4,,,,,,
Pretty Pebbles,0,0,0,0,ITEM_TYPE_INVENTORY,Rank 3,Accursed Shell,4,,,,,,
Marx Story: Vol. II,0,0,0,0,ITEM_TYPE_INVENTORY,Rank 1,,,,,,,,
Big Seed,0,0,0,0,ITEM_TYPE_INVENTORY,Rank 1,,,,,,,,
Small Ring,0,0,0,0,ITEM_TYPE_INVENTORY,Rank 5,Starry Shell,1,,,,,,
Old Stethoscope,0,0,0,0,ITEM_TYPE_INVENTORY,Rank 1,,,,,,,,
Bell Collar,0,0,0,0,ITEM_TYPE_INVENTORY,Rank 4,Vivine Bitters,2,,,,,,
Barricade: Enhance,0,0,0,0,ITEM_TYPE_INVENTORY,Rank 1,Flexible Branch,6,Strange Mass,3,,,,
Barricade: Enhance,0,0,0,0,ITEM_TYPE_INVENTORY,Rank 1,Sturdy Lumber,2,Iron Ore,1,,,,
Barricade: Enhance,0,0,0,0,ITEM_TYPE_INVENTORY,Rank 1,Sturdy Lumber,6,Iron Ore,3,,,,
Barricade: Enhance,0,0,0,0,ITEM_TYPE_INVENTORY,Rank 1,Warm Lumber,2,Tectite Ore,1,,,,
Barricade: Enhance,0,0,0,0,ITEM_TYPE_INVENTORY,Rank 1,Warm Lumber,6,Tectite Ore,3,,,,
Barricade: Enhance,0,0,0,0,ITEM_TYPE_INVENTORY,Rank 1,Ancient Lumber,2,Essence Stone,1,,,,
Barricade: Enhance,0,0,0,0,ITEM_TYPE_INVENTORY,Rank 1,Ancient Lumber,6,Essence Stone,3,,,,
Barricade: Enhance,0,0,0,0,ITEM_TYPE_INVENTORY,Rank 1,Great Tree Lumber,4,Dragon Crest Stone,2,Dornicle Shell,2,,
Lure: Install,0,0,0,1,ITEM_TYPE_INVENTORY,Rank 1,Flexible Branch,6,Red Meat,1,,,,
Lure: Install,0,0,0,1,ITEM_TYPE_INVENTORY,Rank 1,Sturdy Lumber,2,Red Meat,2,White Meat,2,,
Lure: Install,0,0,0,1,ITEM_TYPE_INVENTORY,Rank 1,Sturdy Lumber,6,Red Meat,4,White Meat,4,Primitive Meat,1
Lure: Install,0,0,0,1,ITEM_TYPE_INVENTORY,Rank 1,Warm Lumber,2,Red Meat,8,White Meat,8,Primitive Meat,4
Lure: Enhance,0,0,0,0,ITEM_TYPE_INVENTORY,Rank 2,Sturdy Lumber,2,Thick Hide,1,Sword Tip Fang,1,,
Lure: Enhance,0,0,0,0,ITEM_TYPE_INVENTORY,Rank 2,Warm Lumber,2,Beast Hide,1,Thunder Claw,1,,
Lure: Enhance,0,0,0,0,ITEM_TYPE_INVENTORY,Rank 2,Ancient Lumber,2,Ancient Hide,1,Sunlight Fang,1,,
Lure: Enhance,0,0,0,0,ITEM_TYPE_INVENTORY,Rank 2,Great Tree Lumber,4,Underworld Hide,4,Saurian Fang,4,,
Lure: Add Effect,0,0,0,2,ITEM_TYPE_INVENTORY,Rank 2,Sturdy Lumber,3,Salamandine Hide,1,Zaspion Tail,1,,
Stockade: Install,0,0,0,1,ITEM_TYPE_INVENTORY,Rank 1,Flexible Branch,8,Strange Mass,8,,,,
Stockade: Install,0,0,0,1,ITEM_TYPE_INVENTORY,Rank 1,Sturdy Lumber,2,Iron Ore,2,,,,
Stockade: Install,0,0,0,1,ITEM_TYPE_INVENTORY,Rank 1,Warm Lumber,2,Tectite Ore,2,,,,
Stockade: Install,0,0,0,1,ITEM_TYPE_INVENTORY,Rank 1,Ancient Lumber,2,Essence Stone,2,,,,
Stockade: Enhance,0,0,0,0,ITEM_TYPE_INVENTORY,Rank 2,Sturdy Lumber,4,Sturdy Bone,4,Accursed Shell,2,,
Stockade: Enhance,0,0,0,0,ITEM_TYPE_INVENTORY,Rank 2,Ancient Lumber,2,Beast Bone,2,Diamond Shell,2,,
Stockade: Enhance,0,0,0,0,ITEM_TYPE_INVENTORY,Rank 2,Ancient Lumber,4,Ancient Bone,4,Starry Shell,2,,
Stockade: Enhance,0,0,0,0,ITEM_TYPE_INVENTORY,Rank 2,Great Tree Lumber,4,Underworld Bone,4,Dandale Horn,2,,
Stockade: Add Effect,0,0,0,2,ITEM_TYPE_INVENTORY,Rank 3,Warm Lumber,8,Essence Panzer,4,Saurian Scale,4,,
Catapult: Install,0,0,0,1,ITEM_TYPE_INVENTORY,Rank 2,Sturdy Lumber,6,Thick Hide,4,Gwaranga Pincer,2,,
Catapult: Enhance,0,0,0,0,ITEM_TYPE_INVENTORY,Rank 3,Warm Lumber,6,Beast Hide,4,Razor Feather,2,,
Catapult: Enhance,0,0,0,0,ITEM_TYPE_INVENTORY,Rank 3,Ancient Lumber,6,Ancient Hide,4,Blue Feather,2,,
Catapult: Enhance,0,0,0,0,ITEM_TYPE_INVENTORY,Rank 3,Ancient Lumber,12,Underworld Hide,4,Lunar Wings,2,,
Catapult: Enhance,0,0,0,0,ITEM_TYPE_INVENTORY,Rank 3,Great Tree Lumber,4,Saurian Carapace,2,Acidic Liquid,4,,
Catapult: Add Effect,0,0,0,2,ITEM_TYPE_INVENTORY,Rank 3,Warm Lumber,8,Hard Fiber,4,Vivine Bitters,4,,
Stun Gong: Create,0,0,0,1,ITEM_TYPE_INVENTORY,Rank 2,Iron Ore,6,Sturdy Bone,4,Gwaranga Pincer,2,,
Stun Gong: Enhance,0,0,0,0,ITEM_TYPE_INVENTORY,Rank 4,Essence Stone,6,Ancient Bone,4,,,,
Stun Gong: Enhance,0,0,0,0,ITEM_TYPE_INVENTORY,Rank 4,Dragon Crest Stone,6,Underworld Bone,4,Aura Grass,2,,
Stun Gong: Add Effect,0,0,0,2,ITEM_TYPE_INVENTORY,Rank 3,Tectite Ore,6,Beast Bone,6,Lustrous Scale,6,,
