Item Point ID,Map,Region,Guaranteed Drop,Min,Common Drop,Common %,Rare Drop,Rare %
IP_MP1102_01,West of Starting Shore,Nameless Coast,small leaves,1,beautiful flowers,5%,foxglove leaves,1%
IP_MP1102_02,West of Starting Shore,Nameless Coast,small leaves,1,beautiful flowers,5%,foxglove leaves,1%
IP_MP1102_03,West of Starting Shore,Nameless Coast,crudberry fruit,1,,,,
IP_MP1102_04,West of Starting Shore,Nameless Coast,crudberry fruit,1,,,,
IP_MP7302_01,Dilapidated Living Space,Waterdrop Cave,small leaves,1,beautiful flowers,5%,seirenmugi,1%
IP_MP7302_02,Dilapidated Living Space,Waterdrop Cave,strange lump,1,Iron ore,10%,,
IP_MP7303_01,Before Boss Arena,Waterdrop Cave,bending twig,1,glossy wood,10%,,
IP_MP1131_01,Northwest of Laxia,Nameless Coast,small leaves,1,beautiful flowers,5%,foxglove leaves,1%
IP_MP1131_02,Northwest of Laxia,Nameless Coast,bending twig,2,glossy wood,10%,,
IP_MP1131_03,Northwest of Laxia,Nameless Coast,crudberry fruit,1,,,,
IP_MP1131_04,Northwest of Laxia,Nameless Coast,crudberry fruit,1,,,,
IP_MP1131_05,Northwest of Laxia,Nameless Coast,mountain bird eggs,1,bending twig,20%,,
IP_MP1131_06,Northwest of Laxia,Nameless Coast,strange lump,2,Iron ore,10%,rock salt,40%
IP_MP1111_01,Shoreline South of Boulder,Nameless Coast,strange lump,2,Iron ore,10%,,
IP_MP1111_02,Shoreline South of Boulder,Nameless Coast,small leaves,1,beautiful flowers,5%,seirenmugi,5%
IP_MP1111_03,Shoreline South of Boulder,Nameless Coast,coconut palm,1,,,,
IP_MP1111_04,Shoreline South of Boulder,Nameless Coast,coconut palm,1,,,,
IP_MP1111_05,Shoreline South of Boulder,Nameless Coast,coconut palm,1,,,,
IP_MP1111_06,Shoreline South of Boulder,Nameless Coast,strange lump,2,Iron ore,10%,,
IP_MP1113_01,North of Starting Shore,White Sand Cape,small leaves,1,beautiful flowers,5%,foxglove leaves,1%
IP_MP1113_02,North of Starting Shore,White Sand Cape,coconut palm,1,,,,
IP_MP1113_03,North of Starting Shore,White Sand Cape,strange lump,2,Iron ore,20%,,
IP_MP1113_04,North of Starting Shore,White Sand Cape,bending twig,2,glossy wood,10%,,
IP_MP1132_01,Cobalt Crag,White Sand Cape,small leaves,1,beautiful flowers,5%,foxglove leaves,1%
IP_MP1132_02,Cobalt Crag,White Sand Cape,small leaves,1,beautiful flowers,5%,foxglove leaves,1%
IP_MP1132_03,Cobalt Crag,White Sand Cape,small leaves,1,beautiful flowers,5%,foxglove leaves,1%
IP_MP1132_04,Cobalt Crag,White Sand Cape,strange lump,2,Iron ore,10%,rock salt,10%
IP_MP1132_05,Cobalt Crag,White Sand Cape,small leaves,1,beautiful flowers,5%,foxglove leaves,1%
IP_MP1132_06,Cobalt Crag,White Sand Cape,small leaves,1,beautiful flowers,5%,foxglove leaves,40%
IP_MP1133_01,Alison's Shore,White Sand Cape,coconut palm,1,,,,
IP_MP1133_02,Alison's Shore,White Sand Cape,strange lump,2,Iron ore,10%,rock salt,10%
IP_MP1133_03,Alison's Shore,White Sand Cape,strange lump,2,Iron ore,10%,rock salt,10%
IP_MP1134_01,Coral Shore,White Sand Cape,strange lump,2,Iron ore,10%,rock salt,10%
IP_MP1134_02,Coral Shore,White Sand Cape,small leaves,1,beautiful flowers,5%,foxglove leaves,1%
IP_MP1112_01,Shoreline North of Boulder,Nameless Coast,small leaves,1,beautiful flowers,5%,foxglove leaves,1%
IP_MP1112_02,Shoreline North of Boulder,Nameless Coast,bending twig,2,glossy wood,20%,,
IP_MP1112_03,Shoreline North of Boulder,Nameless Coast,small leaves,1,beautiful flowers,5%,foxglove leaves,1%
IP_MP1112_04,Shoreline North of Boulder,Nameless Coast,strange lump,2,Iron ore,20%,,
IP_MP1112_05,Shoreline North of Boulder,Nameless Coast,crudberry fruit,1,,,,
IP_MP1112_06,Shoreline North of Boulder,Nameless Coast,crudberry fruit,1,,,,
IP_MP1112_07,Shoreline North of Boulder,Nameless Coast,mountain bird eggs,1,bending twig,20%,,
IP_MP1112_08,Shoreline North of Boulder,Nameless Coast,mountain bird eggs,1,bending twig,20%,,
IP_MP1112_09,Shoreline North of Boulder,Nameless Coast,coconut palm,1,,,,
IP_MP1112_10,Shoreline North of Boulder,Nameless Coast,mountain bird eggs,1,bending twig,20%,,
IP_MP1112_11,Shoreline North of Boulder,Nameless Coast,mountain bird eggs,1,bending twig,20%,,
IP_MP2101_01,Forested Area (Gravel Spot),Nameless Coast,strange lump,2,Iron ore,10%,stalactite,5%
IP_MP2101_02,Forested Area (Gravel Spot),Nameless Coast,Honey,1,,,,
IP_MP2101_03,Forested Area (Gravel Spot),Nameless Coast,small leaves,1,beautiful flowers,5%,foxglove leaves,1%
IP_MP2101_04,Forested Area (Gravel Spot),Nameless Coast,Honey,1,,,,
IP_MP2101_05,Forested Area (Gravel Spot),Nameless Coast,bending twig,2,glossy wood,20%,,
IP_MP1104_01,Cliffs South - Treebridge,Nameless Coast,small leaves,1,beautiful flowers,5%,foxglove leaves,1%
IP_MP1104_02,Cliffs South - Treebridge,Nameless Coast,bending twig,1,glossy wood,20%,,
IP_MP1104_03,Cliffs South - Treebridge,Nameless Coast,strange lump,2,Iron ore,10%,stalactite,2%
IP_MP1104_04,Cliffs South - Treebridge,Nameless Coast,strange lump,2,Iron ore,10%,stalactite,2%
IP_MP1104_05,Cliffs South - Treebridge,Nameless Coast,strange lump,2,Iron ore,10%,stalactite,2%
IP_MP1104_06,Cliffs South - Treebridge,Nameless Coast,small leaves,1,beautiful flowers,5%,foxglove leaves,1%
IP_MP1105_01,Nameless Coast - Camp,Nameless Coast,crudberry fruit,1,,,,
IP_MP1105_02,Nameless Coast - Camp,Nameless Coast,crudberry fruit,1,,,,
IP_MP1301_01,Entrance,Towering Coral Forest,strange lump,2,Iron ore,10%,stalactite,2%
IP_MP1301_02,Entrance,Towering Coral Forest,small leaves,1,beautiful flowers,10%,foxglove leaves,2%
IP_MP1301_03,Entrance,Towering Coral Forest,Honey,1,,,,
IP_MP1302_01,Walkways,Towering Coral Forest,bending twig,2,glossy wood,10%,,
IP_MP1302_02,Walkways,Towering Coral Forest,small leaves,1,beautiful flowers,10%,crudberry fruit,80%
IP_MP1302_03,Walkways,Towering Coral Forest,rock salt,2,Iron ore,10%,rock salt,10%
IP_MP1302_04,Walkways,Towering Coral Forest,small leaves,1,beautiful flowers,5%,foxglove leaves,1%
IP_MP1302_05,Walkways,Towering Coral Forest,small leaves,1,beautiful flowers,5%,foxglove leaves,1%
IP_MP1302_06,Walkways,Towering Coral Forest,strange lump,2,Iron ore,10%,rock salt,10%
IP_MP1302_07,Walkways,Towering Coral Forest,eggplant,2,,,,
IP_MP1303_01,After Mid-Boss,Towering Coral Forest,bending twig,2,glossy wood,20%,lateca resin,2%
IP_MP1303_02,After Mid-Boss,Towering Coral Forest,bending twig,2,glossy wood,20%,lateca resin,2%
IP_MP1303_03,After Mid-Boss,Towering Coral Forest,small leaves,1,beautiful flowers,5%,foxglove leaves,1%
IP_MP1303_04,After Mid-Boss,Towering Coral Forest,strange lump,2,Iron ore,10%,stalactite,2%
IP_MP1303_05,After Mid-Boss,Towering Coral Forest,bending twig,1,glossy wood,20%,,
IP_MP1303_06,After Mid-Boss,Towering Coral Forest,bending twig,1,glossy wood,20%,,
IP_MP1304_01,Rainbow Falls,Towering Coral Forest,bending twig,2,glossy wood,20%,lateca resin,10%
IP_MP1304_02,Rainbow Falls,Towering Coral Forest,small leaves,1,beautiful flowers,5%,foxglove leaves,1%
IP_MP1304_03,Rainbow Falls,Towering Coral Forest,strange lump,2,Iron ore,10%,rock salt,10%
IP_MP1304_04,Rainbow Falls,Towering Coral Forest,small leaves,1,beautiful flowers,5%,foxglove leaves,1%
IP_MP1304_05,Rainbow Falls,Towering Coral Forest,strange lump,2,Iron ore,10%,rock salt,10%
IP_MP1304_06,Rainbow Falls,Towering Coral Forest,strange lump,2,Iron ore,10%,stalactite,2%
IP_MP1304_07,Rainbow Falls,Towering Coral Forest,small leaves,1,beautiful flowers,5%,foxglove leaves,1%
IP_MP1304_08,Rainbow Falls,Towering Coral Forest,strange lump,2,Iron ore,10%,stalactite,2%
IP_MP1305_01,Midpoint,Towering Coral Forest,strange lump,2,Iron ore,10%,rock salt,10%
IP_MP1305_02,Midpoint,Towering Coral Forest,strange lump,2,Iron ore,10%,stalactite,2%
IP_MP1307_01,End,Towering Coral Forest,strange lump,2,Iron ore,10%,rock salt,10%
IP_MP1307_02,End,Towering Coral Forest,small leaves,1,beautiful flowers,5%,foxglove leaves,1%
IP_MP1307_03,End,Towering Coral Forest,eggplant,1,,,,
IP_MP1307_04,End,Towering Coral Forest,eggplant,1,,,,
IP_MP1117_01,Metavolicalis,Roaring Seashore,coconut palm,1,,,,
IP_MP1117_02,Metavolicalis,Roaring Seashore,strange lump,2,Iron ore,10%,stalactite,2%
IP_MP1117_03,Metavolicalis,Roaring Seashore,strange lump,2,Iron ore,10%,rock salt,10%
IP_MP1117_04,Metavolicalis,Roaring Seashore,coconut palm,1,,,,
IP_MP1135_01,Parasequoia,Roaring Seashore,small leaves,1,beautiful flowers,5%,foxglove leaves,1%
IP_MP1135_02,Parasequoia,Roaring Seashore,small leaves,1,beautiful flowers,5%,foxglove leaves,1%
IP_MP1135_03,Parasequoia,Roaring Seashore,small leaves,1,beautiful flowers,5%,foxglove leaves,1%
IP_MP1135_04,Parasequoia,Roaring Seashore,small leaves,1,beautiful flowers,5%,foxglove leaves,1%
IP_MP1135_05,Parasequoia,Roaring Seashore,small leaves,2,beautiful flowers,10%,foxglove leaves,2%
IP_MP1135_06,Parasequoia,Roaring Seashore,small leaves,1,beautiful flowers,5%,foxglove leaves,1%
IP_MP1135_07,Parasequoia,Roaring Seashore,small leaves,1,beautiful flowers,5%,foxglove leaves,1%
IP_MP1135_08,Parasequoia,Roaring Seashore,small leaves,2,beautiful flowers,10%,foxglove leaves,2%
IP_MP1135_09,Parasequoia,Roaring Seashore,mountain bird eggs,1,bending twig,20%,,
IP_MP1135_10,Parasequoia,Roaring Seashore,small leaves,2,beautiful flowers,10%,foxglove leaves,2%
IP_MP1135_11,Parasequoia,Roaring Seashore,small leaves,2,beautiful flowers,10%,foxglove leaves,2%
IP_MP1135_12,Parasequoia,Roaring Seashore,small leaves,2,beautiful flowers,10%,foxglove leaves,2%
IP_MP1135_13,Parasequoia,Roaring Seashore,small leaves,2,beautiful flowers,10%,foxglove leaves,2%
IP_MP2102_01,Falls,Great River Valley,small leaves,1,beautiful flowers,5%,foxglove leaves,1%
IP_MP2102_02,Falls,Great River Valley,small leaves,1,beautiful flowers,5%,foxglove leaves,1%
IP_MP2102_03,Falls,Great River Valley,small leaves,1,beautiful flowers,5%,foxglove leaves,1%
IP_MP2102_04,Falls,Great River Valley,small leaves,1,beautiful flowers,5%,foxglove leaves,1%
IP_MP2102_05,Falls,Great River Valley,small leaves,1,beautiful flowers,5%,foxglove leaves,1%
IP_MP2102_06,Falls,Great River Valley,bending twig,2,glossy wood,20%,lateca resin,5%
IP_MP2102_07,Falls,Great River Valley,bending twig,2,glossy wood,20%,lateca resin,5%
IP_MP2102_08,Falls,Great River Valley,strange lump,2,Iron ore,10%,stalactite,2%
IP_MP2102_09,Falls,Great River Valley,Honey,1,,,,
IP_MP2102_10,Falls,Great River Valley,paprika,2,,,,
IP_MP1106_01,Cliffs North,Nameless Coast,small leaves,1,beautiful flowers,10%,crudberry fruit,80%
IP_MP1106_02,Cliffs North,Nameless Coast,strange lump,2,Iron ore,10%,stalactite,2%
IP_MP1106_03,Cliffs North,Nameless Coast,mountain bird eggs,1,bending twig,20%,,
IP_MP1107_01,Cliffs,Great River Valley,mountain bird eggs,1,bending twig,20%,,
IP_MP1107_02,Cliffs,Great River Valley,small leaves,1,beautiful flowers,5%,foxglove leaves,1%
IP_MP1107_03,Cliffs,Great River Valley,bending twig,2,glossy wood,20%,,
IP_MP1107_04,Cliffs,Great River Valley,strange lump,2,Iron ore,10%,stalactite,2%
IP_MP1107_05,Cliffs,Great River Valley,mountain bird eggs,1,bending twig,20%,,
IP_MP1107_06,Cliffs,Great River Valley,mountain bird eggs,1,bending twig,20%,,
IP_MP1120_01,Large Shorline,Great River Valley,small leaves,1,beautiful flowers,5%,foxglove leaves,1%
IP_MP1120_02,Large Shorline,Great River Valley,strange lump,2,Iron ore,10%,stalactite,2%
IP_MP1120_03,Large Shorline,Great River Valley,mountain bird eggs,1,bending twig,50%,,
IP_MP1120_04,Large Shorline,Great River Valley,mango,1,,,,
IP_MP1120_05,Large Shorline,Great River Valley,strange lump,2,Iron ore,10%,rock salt,10%
IP_MP1120_06,Large Shorline,Great River Valley,small leaves,1,beautiful flowers,5%,foxglove leaves,1%
IP_MP1120_07,Large Shorline,Great River Valley,strange lump,2,Iron ore,10%,stalactite,2%
IP_MP3103_01,Lookout Tower,Great River Valley,Honey,1,,,,
IP_MP3103_02,Lookout Tower,Great River Valley,small leaves,1,beautiful flowers,5%,foxglove leaves,1%
IP_MP3103_03,Lookout Tower,Great River Valley,small leaves,1,beautiful flowers,5%,foxglove leaves,1%
IP_MP3104_01,Chimney Rock,Great River Valley,strange lump,2,Iron ore,10%,stalactite,2%
IP_MP3104_02,Chimney Rock,Great River Valley,strange lump,2,Iron ore,10%,stalactite,2%
IP_MP3104_03,Chimney Rock,Great River Valley,small leaves,1,beautiful flowers,5%,foxglove leaves,1%
IP_MP3104_04,Chimney Rock,Great River Valley,mountain bird eggs,1,bending twig,20%,,
IP_MP3104_05,Chimney Rock,Great River Valley,strange lump,2,Iron ore,10%,stalactite,2%
IP_MP3104_06,Chimney Rock,Great River Valley,strange lump,2,Iron ore,10%,stalactite,2%
IP_MP3104_07,Chimney Rock,Great River Valley,paprika,1,,,,
IP_MP3104_08,Chimney Rock,Great River Valley,paprika,1,,,,
IP_MP7471_01,Waterfall Grotto,Waterfall Grotto,strange lump,2,Iron ore,20%,stalactite,5%
IP_MP7471_02,Waterfall Grotto,Waterfall Grotto,strange lump,2,Iron ore,20%,stalactite,5%
IP_MP7471_03,Waterfall Grotto,Waterfall Grotto,strange lump,2,Iron ore,20%,stalactite,5%
IP_MP7471_04,Waterfall Grotto,Waterfall Grotto,bending twig,2,glossy wood,20%,lateca resin,20%
IP_MP7471_05,Waterfall Grotto,Waterfall Grotto,bending twig,2,glossy wood,20%,lateca resin,20%
IP_MP7471_06,Waterfall Grotto,Waterfall Grotto,strange lump,2,Iron ore,20%,stalactite,5%
IP_MP7471_07,Waterfall Grotto,Waterfall Grotto,bending twig,2,glossy wood,20%,lateca resin,20%
IP_MP7471_08,Waterfall Grotto,Waterfall Grotto,strange lump,2,Iron ore,20%,stalactite,5%
IP_MP7471_09,Waterfall Grotto,Waterfall Grotto,strange lump,2,Iron ore,20%,stalactite,5%
IP_MP7471_10,Waterfall Grotto,Waterfall Grotto,small leaves,2,beautiful flowers,20%,foxglove leaves,5%
IP_MP7471_11,Waterfall Grotto,Waterfall Grotto,strange lump,2,Iron ore,20%,stalactite,20%
IP_MP7471_12,Waterfall Grotto,Waterfall Grotto,strange lump,2,Iron ore,20%,stalactite,20%
IP_MP7471_13,Waterfall Grotto,Waterfall Grotto,strange lump,2,Iron ore,20%,stalactite,20%
IP_MP7471_14,Waterfall Grotto,Waterfall Grotto,strange lump,2,Iron ore,20%,stalactite,20%
IP_MP7471_15,Waterfall Grotto,Waterfall Grotto,strange lump,2,Iron ore,20%,stalactite,20%
IP_MP1108_01,Valley (Where Hummel Joins),Beast Hills,small leaves,1,beautiful flowers,5%,foxglove leaves,1%
IP_MP1108_02,Valley (Where Hummel Joins),Beast Hills,small leaves,1,beautiful flowers,5%,foxglove leaves,1%
IP_MP1108_03,Valley (Where Hummel Joins),Beast Hills,strange lump,2,Iron ore,10%,stalactite,2%
IP_MP1108_04,Valley (Where Hummel Joins),Beast Hills,mountain bird eggs,1,bending twig,20%,,
IP_MP1108_05,Valley (Where Hummel Joins),Beast Hills,bending twig,1,glossy wood,20%,lateca resin,2%
IP_MP1108_06,Valley (Where Hummel Joins),Beast Hills,bending twig,1,glossy wood,20%,lateca resin,2%
IP_MP1108_07,Valley (Where Hummel Joins),Beast Hills,bending twig,1,glossy wood,20%,lateca resin,2%
IP_MP1108_08,Valley (Where Hummel Joins),Beast Hills,strange lump,2,Iron ore,20%,stalactite,5%
IP_MP4102_01,Beast Hills North Camp,Beast Hills,small leaves,1,beautiful flowers,5%,foxglove leaves,1%
IP_MP4102_02,Beast Hills North Camp,Beast Hills,bending twig,2,glossy wood,10%,White dew antler,20%
IP_MP2103_01,Beast Hills South Camp,Beast Hills,Honey,1,,,,
IP_MP1109_01,Collapsed Cliff,Beast Hills,small leaves,1,beautiful flowers,10%,foxglove leaves,5%
IP_MP1109_02,Collapsed Cliff,Beast Hills,bending twig,2,glossy wood,20%,lateca resin,2%
IP_MP1109_03,Collapsed Cliff,Beast Hills,strange lump,2,Iron ore,20%,stalactite,2%
IP_MP1109_04,Collapsed Cliff,Beast Hills,bending twig,2,glossy wood,40%,lateca resin,10%
IP_MP1109_05,Collapsed Cliff,Beast Hills,small leaves,1,beautiful flowers,5%,foxglove leaves,1%
IP_MP4301_01,Entrance,Eroded Valley,strange lump,1,Iron ore,10%,stalactite,2%
IP_MP4301_02,Entrance,Eroded Valley,bending twig,1,glossy wood,10%,White dew antler,20%
IP_MP4301_03,Entrance,Eroded Valley,strange lump,1,Iron ore,10%,stalactite,2%
IP_MP4301_04,Entrance,Eroded Valley,bending twig,1,glossy wood,10%,White dew antler,20%
IP_MP4301_05,Entrance,Eroded Valley,strange lump,1,Iron ore,10%,stalactite,2%
IP_MP4301_06,Entrance,Eroded Valley,strange lump,1,Iron ore,10%,stalactite,2%
IP_MP4301_08,Entrance,Eroded Valley,strange lump,1,Iron ore,10%,stalactite,2%
IP_MP4301_09,Entrance,Eroded Valley,bending twig,1,glossy wood,10%,White dew antler,20%
IP_MP4302_01,Cave,Eroded Valley,strange lump,1,Iron ore,20%,stalactite,5%
IP_MP4302_02,Cave,Eroded Valley,strange lump,1,Iron ore,20%,stalactite,5%
IP_MP4302_03,Cave,Eroded Valley,bending twig,1,glossy wood,10%,White dew antler,20%
IP_MP4302_04,Cave,Eroded Valley,bending twig,1,glossy wood,10%,White dew antler,20%
IP_MP4302_05,Cave,Eroded Valley,strange lump,1,Iron ore,10%,stalactite,2%
IP_MP4302_06,Cave,Eroded Valley,strange lump,1,Iron ore,20%,stalactite,5%
IP_MP4303_01,Dark Passage,Eroded Valley,strange lump,1,Iron ore,10%,stalactite,2%
IP_MP4303_02,Dark Passage,Eroded Valley,strange lump,1,Iron ore,10%,stalactite,2%
IP_MP4303_03,Dark Passage,Eroded Valley,strange lump,1,Iron ore,10%,rock salt,20%
IP_MP4303_04,Dark Passage,Eroded Valley,strange lump,2,Iron ore,20%,stalactite,10%
IP_MP4303_05,Dark Passage,Eroded Valley,strange lump,2,Iron ore,20%,stalactite,10%
IP_MP4303_06,Dark Passage,Eroded Valley,strange lump,2,Iron ore,20%,stalactite,10%
IP_MP4303_07,Dark Passage,Eroded Valley,Iron ore,2,Iron ore,20%,stalactite,10%
IP_MP4303_08,Dark Passage,Eroded Valley,Iron ore,2,Iron ore,20%,stalactite,10%
IP_MP4304_01,Small Cliff,Eroded Valley,small leaves,1,beautiful flowers,10%,foxglove leaves,2%
IP_MP4304_02,Small Cliff,Eroded Valley,strange lump,1,Iron ore,10%,rock salt,20%
IP_MP4305_01,Midpoint,Eroded Valley,bending twig,1,glossy wood,10%,White dew antler,20%
IP_MP4305_02,Midpoint,Eroded Valley,small leaves,1,beautiful flowers,10%,foxglove leaves,2%
IP_MP4305_03,Midpoint,Eroded Valley,strange lump,1,Iron ore,20%,,
IP_MP4305_04,Midpoint,Eroded Valley,small leaves,2,beautiful flowers,20%,foxglove leaves,5%
IP_MP4305_05,Midpoint,Eroded Valley,bending twig,1,glossy wood,10%,White dew antler,20%
IP_MP4307_01,Webbed Walkways,Eroded Valley,small leaves,1,beautiful flowers,10%,foxglove leaves,5%
IP_MP4307_02,Webbed Walkways,Eroded Valley,small leaves,2,beautiful flowers,20%,foxglove leaves,5%
IP_MP4307_03,Webbed Walkways,Eroded Valley,crudberry fruit,1,,,,
IP_MP4307_04,Webbed Walkways,Eroded Valley,crudberry fruit,1,,,,
IP_MP4307_05,Webbed Walkways,Eroded Valley,crudberry fruit,1,,,,
IP_MP4307_06,Webbed Walkways,Eroded Valley,mountain bird eggs,1,bending twig,20%,,
IP_MP4307_07,Webbed Walkways,Eroded Valley,small leaves,1,beautiful flowers,10%,foxglove leaves,2%
IP_MP4307_08,Webbed Walkways,Eroded Valley,strange lump,1,Iron ore,10%,stalactite,2%
IP_MP4307_09,Webbed Walkways,Eroded Valley,small leaves,2,beautiful flowers,20%,foxglove leaves,10%
IP_MP4307_10,Webbed Walkways,Eroded Valley,small leaves,1,beautiful flowers,10%,foxglove leaves,2%
IP_MP4308_01,End,Eroded Valley,strange lump,1,Iron ore,10%,stalactite,2%
IP_MP4308_02,End,Eroded Valley,strange lump,1,Iron ore,10%,stalactite,2%
IP_MP4308_03,End,Eroded Valley,bending twig,1,glossy wood,10%,White dew antler,20%
IP_MP1119_01,Sunrise Beach,Sunrise Beach,coconut palm,1,,,,
IP_MP1119_02,Sunrise Beach,Sunrise Beach,coconut palm,1,,,,
IP_MP1119_03,Sunrise Beach,Sunrise Beach,small leaves,1,beautiful flowers,10%,foxglove leaves,5%
IP_MP1119_04,Sunrise Beach,Sunrise Beach,strange lump,2,rock salt,40%,,
IP_MP3101_01,South of Nameless Coast Rockslide,Weathervane Hills,bending twig,2,glossy wood,20%,lateca resin,5%
IP_MP3101_02,South of Nameless Coast Rockslide,Weathervane Hills,strange lump,1,Iron ore,10%,stalactite,5%
IP_MP3101_03,South of Nameless Coast Rockslide,Weathervane Hills,small leaves,1,beautiful flowers,10%,foxglove leaves,2%
IP_MP3102_01,Zephyr Hill,Weathervane Hills,bending twig,2,glossy wood,20%,lateca resin,5%
IP_MP3102_02,Zephyr Hill,Weathervane Hills,small leaves,1,beautiful flowers,10%,foxglove leaves,2%
IP_MP3102_03,Zephyr Hill,Weathervane Hills,strange lump,1,Iron ore,10%,stalactite,5%
IP_MP3102_04,Zephyr Hill,Weathervane Hills,strange lump,1,Iron ore,10%,stalactite,5%
IP_MP7451_01,Headwater Falls,Headwater Falls,strange lump,1,Iron ore,10%,stalactite,5%
IP_MP7451_02,Headwater Falls,Headwater Falls,bending twig,1,glossy wood,20%,lateca resin,5%
IP_MP7451_03,Headwater Falls,Headwater Falls,strange lump,1,Iron ore,10%,stalactite,5%
IP_MP7451_04,Headwater Falls,Headwater Falls,strange lump,1,Iron ore,10%,stalactite,5%
IP_MP7451_05,Headwater Falls,Headwater Falls,small leaves,1,beautiful flowers,10%,foxglove leaves,2%
IP_MP7461_01,Submerged Area,Underground Water Vein,strange lump,1,tektite ore,10%,Rispar,2%
IP_MP7461_02,Submerged Area,Underground Water Vein,bending twig,1,warm wood,10%,Pangu tree,2%
IP_MP7461_03,Submerged Area,Underground Water Vein,strange lump,1,tektite ore,10%,Rispar,2%
IP_MP7461_04,Submerged Area,Underground Water Vein,bending twig,1,warm wood,10%,Pangu tree,2%
IP_MP7461_05,Submerged Area,Underground Water Vein,beautiful flowers,1,shining leaves,10%,Pangu flower,2%
IP_MP7461_06,Submerged Area,Underground Water Vein,strange lump,1,tektite ore,10%,Rispar,2%
IP_MP7461_07,Submerged Area,Underground Water Vein,strange lump,1,tektite ore,10%,Rispar,2%
IP_MP7461_08,Submerged Area,Underground Water Vein,strange lump,1,tektite ore,10%,Rispar,2%
IP_MP7461_09,Submerged Area,Underground Water Vein,strange lump,1,tektite ore,10%,Rispar,2%
IP_MP7461_10,Submerged Area,Underground Water Vein,strange lump,1,tektite ore,10%,Rispar,2%
IP_MP7462_01,Lapis Mineral Vein,Underground Water Vein,tektite ore,2,Rispar,20%,dragonite,20%
IP_MP7462_02,Lapis Mineral Vein,Underground Water Vein,Iron ore,1,tektite ore,20%,Rispar,2%
IP_MP7462_03,Lapis Mineral Vein,Underground Water Vein,Iron ore,1,tektite ore,20%,Rispar,2%
IP_MP7462_04,Lapis Mineral Vein,Underground Water Vein,Iron ore,1,tektite ore,20%,Rispar,2%
IP_MP7462_05,Lapis Mineral Vein,Underground Water Vein,Iron ore,1,tektite ore,20%,Rispar,2%
IP_MP7462_06,Lapis Mineral Vein,Underground Water Vein,strange lump,1,Iron ore,20%,tektite ore,2%
IP_MP7462_07,Lapis Mineral Vein,Underground Water Vein,strange lump,1,Iron ore,20%,tektite ore,2%
IP_MP7462_08,Lapis Mineral Vein,Underground Water Vein,strange lump,1,Iron ore,20%,tektite ore,2%
IP_MP7462_09,Lapis Mineral Vein,Underground Water Vein,strange lump,1,Iron ore,20%,tektite ore,2%
IP_MP7462_10,Lapis Mineral Vein,Underground Water Vein,shining leaves,2,Pangu flower,20%,Aura grass,10%
IP_MP2301_01,Entrance,Schlamm Jungle,small leaves,1,beautiful flowers,10%,foxglove leaves,5%
IP_MP2301_02,Entrance,Schlamm Jungle,mango,1,,,,
IP_MP2301_03,Entrance,Schlamm Jungle,mango,1,,,,
IP_MP2301_04,Entrance,Schlamm Jungle,bending twig,1,glossy wood,20%,,
IP_MP2301_05,Entrance,Schlamm Jungle,strange lump,1,Iron ore,10%,stalactite,2%
IP_MP2301_06,Entrance,Schlamm Jungle,small leaves,1,beautiful flowers,10%,foxglove leaves,2%
IP_MP2302_01,North of Entrance,Schlamm Jungle,small leaves,1,beautiful flowers,10%,foxglove leaves,2%
IP_MP2302_02,North of Entrance,Schlamm Jungle,small leaves,1,beautiful flowers,20%,foxglove leaves,10%
IP_MP2302_03,North of Entrance,Schlamm Jungle,strange lump,1,Iron ore,10%,stalactite,2%
IP_MP2302_04,North of Entrance,Schlamm Jungle,mango,1,,,,
IP_MP2302_05,North of Entrance,Schlamm Jungle,mango,1,,,,
IP_MP2302_06,North of Entrance,Schlamm Jungle,small leaves,1,beautiful flowers,20%,foxglove leaves,10%
IP_MP2303_01,Midpoint,Schlamm Jungle,strange lump,1,Iron ore,10%,stalactite,2%
IP_MP2303_02,Midpoint,Schlamm Jungle,strange lump,1,rock salt,10%,,
IP_MP2303_03,Midpoint,Schlamm Jungle,Honey,1,,,,
IP_MP2304_01,Mid-Boss Arena,Schlamm Jungle,strange lump,1,rock salt,20%,,
IP_MP2305_01,Small Passage,Schlamm Jungle,mango,1,,,,
IP_MP2305_02,Small Passage,Schlamm Jungle,strange lump,1,Iron ore,10%,stalactite,2%
IP_MP2305_03,Small Passage,Schlamm Jungle,small leaves,1,beautiful flowers,10%,foxglove leaves,2%
IP_MP2306_01,Muddy Passage,Schlamm Jungle,mango,1,,,,
IP_MP2306_02,Muddy Passage,Schlamm Jungle,mango,1,,,,
IP_MP2306_03,Muddy Passage,Schlamm Jungle,strange lump,1,rock salt,20%,,
IP_MP2306_04,Muddy Passage,Schlamm Jungle,strange lump,1,rock salt,20%,,
IP_MP2306_05,Muddy Passage,Schlamm Jungle,mango,1,,,,
IP_MP2306_06,Muddy Passage,Schlamm Jungle,small leaves,1,beautiful flowers,10%,foxglove leaves,2%
IP_MP2306_07,Muddy Passage,Schlamm Jungle,mango,1,,,,
IP_MP2306_08,Muddy Passage,Schlamm Jungle,strange lump,1,Iron ore,10%,stalactite,2%
IP_MP2306_09,Muddy Passage,Schlamm Jungle,cabbage,1,,,,
IP_MP2306_10,Muddy Passage,Schlamm Jungle,cabbage,1,,,,
IP_MP2306_11,Muddy Passage,Schlamm Jungle,paprika,1,,,,
IP_MP2306_12,Muddy Passage,Schlamm Jungle,paprika,1,,,,
IP_MP2306_13,Muddy Passage,Schlamm Jungle,small leaves,1,beautiful flowers,20%,foxglove leaves,40%
IP_MP2306_14,Muddy Passage,Schlamm Jungle,small leaves,1,beautiful flowers,20%,foxglove leaves,40%
IP_MP2306_15,Muddy Passage,Schlamm Jungle,small leaves,1,beautiful flowers,20%,foxglove leaves,40%
IP_MP2307_01,End,Schlamm Jungle,small leaves,1,beautiful flowers,10%,foxglove leaves,2%
IP_MP2307_02,End,Schlamm Jungle,strange lump,1,Iron ore,10%,stalactite,2%
IP_MP1118_01,Odd Rock Coast,Odd Rock Coast,small leaves,1,beautiful flowers,25%,foxglove leaves,5%
IP_MP1118_02,Odd Rock Coast,Odd Rock Coast,coconut palm,1,,,,
IP_MP1114_01,Reja Shore,Longhorn Coast,coconut palm,1,,,,
IP_MP1114_02,Reja Shore,Longhorn Coast,coconut palm,1,,,,
IP_MP1114_03,Reja Shore,Longhorn Coast,small leaves,1,beautiful flowers,10%,foxglove leaves,2%
IP_MP1114_04,Reja Shore,Longhorn Coast,strange lump,1,Iron ore,10%,stalactite,2%
IP_MP1114_05,Reja Shore,Longhorn Coast,strange lump,1,Iron ore,10%,stalactite,2%
IP_MP1114_06,Reja Shore,Longhorn Coast,Honey,1,,,,
IP_MP1114_07,Reja Shore,Longhorn Coast,Honey,1,,,,
IP_MP1114_08,Reja Shore,Longhorn Coast,Honey,1,,,,
IP_MP1114_09,Reja Shore,Longhorn Coast,Honey,1,,,,
IP_MP1115_01,Eastern Shore,Longuefone Beach,small leaves,1,beautiful flowers,20%,foxglove leaves,10%
IP_MP1115_02,Eastern Shore,Longuefone Beach,strange lump,1,rock salt,20%,,
IP_MP1115_03,Eastern Shore,Longuefone Beach,bending twig,1,glossy wood,10%,lateca resin,2%
IP_MP1115_04,Eastern Shore,Longuefone Beach,small leaves,1,beautiful flowers,20%,foxglove leaves,10%
IP_MP1115_05,Eastern Shore,Longuefone Beach,eggplant,1,,,,
IP_MP1115_06,Eastern Shore,Longuefone Beach,eggplant,1,,,,
IP_MP1115_07,Eastern Shore,Longuefone Beach,eggplant,1,,,,
IP_MP2105_01,Foggy Forest,Water and Wood Hills,bending twig,1,glossy wood,20%,lateca resin,10%
IP_MP2105_02,Foggy Forest,Water and Wood Hills,small leaves,1,beautiful flowers,20%,foxglove leaves,10%
IP_MP2105_03,Foggy Forest,Water and Wood Hills,strange lump,1,Iron ore,20%,stalactite,10%
IP_MP2105_04,Foggy Forest,Water and Wood Hills,small leaves,1,beautiful flowers,20%,foxglove leaves,10%
IP_MP2105_05,Foggy Forest,Water and Wood Hills,bending twig,1,glossy wood,20%,lateca resin,10%
IP_MP2105_06,Foggy Forest,Water and Wood Hills,strange lump,1,Iron ore,20%,stalactite,10%
IP_MP3109_01,Dana's Tree,The Primodrial Passage,bending twig,1,glossy wood,10%,lateca resin,2%
IP_MP3109_02,Dana's Tree,The Primodrial Passage,small leaves,1,beautiful flowers,10%,foxglove leaves,2%
IP_MP3109_03,Dana's Tree,The Primodrial Passage,small leaves,1,beautiful flowers,10%,foxglove leaves,2%
IP_MP3109_04,Dana's Tree,The Primodrial Passage,strange lump,1,Iron ore,10%,stalactite,2%
IP_MP3109_05,Dana's Tree,The Primodrial Passage,bending twig,1,glossy wood,10%,lateca resin,2%
IP_MP3109_06,Dana's Tree,The Primodrial Passage,bending twig,1,glossy wood,20%,lateca resin,5%
IP_MP3109_07,Dana's Tree,The Primodrial Passage,shine cone,1,,,,
IP_MP3109_08,Dana's Tree,The Primodrial Passage,shine cone,1,,,,
IP_MP3109_09,Dana's Tree,The Primodrial Passage,shine cone,1,,,,
IP_MP4331_01,Entrance,Mont Gendarme,strange lump,1,tektite ore,10%,stalactite,2%
IP_MP4331_02,Entrance,Mont Gendarme,bending twig,1,warm wood,10%,lateca resin,2%
IP_MP4331_03,Entrance,Mont Gendarme,small leaves,1,shining leaves,10%,foxglove leaves,2%
IP_MP4331_04,Entrance,Mont Gendarme,strange lump,1,tektite ore,10%,stalactite,2%
IP_MP4331_05,Entrance,Mont Gendarme,bending twig,1,warm wood,10%,lateca resin,2%
IP_MP4332_01,Winding Stone Stairs,Mont Gendarme,strange lump,1,tektite ore,10%,stalactite,2%
IP_MP4332_02,Winding Stone Stairs,Mont Gendarme,strange lump,1,tektite ore,10%,stalactite,2%
IP_MP4332_03,Winding Stone Stairs,Mont Gendarme,small leaves,1,shining leaves,10%,foxglove leaves,2%
IP_MP4332_04,Winding Stone Stairs,Mont Gendarme,bending twig,1,warm wood,10%,lateca resin,2%
IP_MP4333_01,Southern Lower Cliffside Trail,Mont Gendarme,small leaves,1,shining leaves,10%,foxglove leaves,2%
IP_MP4333_02,Southern Lower Cliffside Trail,Mont Gendarme,bending twig,1,warm wood,10%,lateca resin,2%
IP_MP4333_03,Southern Lower Cliffside Trail,Mont Gendarme,strange lump,1,tektite ore,10%,stalactite,2%
IP_MP4333_04,Southern Lower Cliffside Trail,Mont Gendarme,small leaves,1,shining leaves,10%,foxglove leaves,2%
IP_MP4333_05,Southern Lower Cliffside Trail,Mont Gendarme,bending twig,1,warm wood,10%,lateca resin,2%
IP_MP4333_06,Southern Lower Cliffside Trail,Mont Gendarme,strange lump,1,tektite ore,10%,stalactite,2%
IP_MP4334_01,Northern Lower Cliffside Trail,Mont Gendarme,small leaves,1,shining leaves,10%,foxglove leaves,2%
IP_MP4334_02,Northern Lower Cliffside Trail,Mont Gendarme,bending twig,1,warm wood,10%,lateca resin,2%
IP_MP4334_03,Northern Lower Cliffside Trail,Mont Gendarme,small leaves,1,shining leaves,10%,foxglove leaves,2%
IP_MP4334_04,Northern Lower Cliffside Trail,Mont Gendarme,strange lump,1,tektite ore,10%,stalactite,2%
IP_MP4334_05,Northern Lower Cliffside Trail,Mont Gendarme,strange lump,1,tektite ore,10%,stalactite,2%
IP_MP4334_06,Northern Lower Cliffside Trail,Mont Gendarme,strange lump,1,tektite ore,10%,stalactite,2%
IP_MP4334_07,Northern Lower Cliffside Trail,Mont Gendarme,bending twig,1,warm wood,10%,lateca resin,2%
IP_MP4334_08,Northern Lower Cliffside Trail,Mont Gendarme,small leaves,1,shining leaves,10%,foxglove leaves,2%
IP_MP4334_09,Northern Lower Cliffside Trail,Mont Gendarme,bending twig,1,warm wood,10%,lateca resin,2%
IP_MP3108_01,River,Western Foot of Gendarme,strange lump,1,tektite ore,10%,stalactite,2%
IP_MP3108_02,River,Western Foot of Gendarme,small leaves,1,shining leaves,10%,foxglove leaves,2%
IP_MP3108_03,River,Western Foot of Gendarme,small leaves,1,shining leaves,10%,foxglove leaves,2%
IP_MP3106_01,Moutain Base,Western Foot of Gendarme,small leaves,1,shining leaves,10%,foxglove leaves,2%
IP_MP3106_02,Moutain Base,Western Foot of Gendarme,strange lump,1,tektite ore,10%,stalactite,2%
IP_MP3106_03,Moutain Base,Western Foot of Gendarme,bending twig,1,warm wood,10%,lateca resin,2%
IP_MP3106_04,Moutain Base,Western Foot of Gendarme,shine cone,1,,,,
IP_MP3106_05,Moutain Base,Western Foot of Gendarme,shine cone,1,,,,
IP_MP3107_01,Near Cavern of the Ancient King,Western Foot of Gendarme,bending twig,1,warm wood,10%,lateca resin,2%
IP_MP3107_02,Near Cavern of the Ancient King,Western Foot of Gendarme,bending twig,1,warm wood,10%,lateca resin,2%
IP_MP3107_03,Near Cavern of the Ancient King,Western Foot of Gendarme,bending twig,1,warm wood,10%,lateca resin,2%
IP_MP3107_04,Near Cavern of the Ancient King,Western Foot of Gendarme,bending twig,1,warm wood,10%,lateca resin,2%
IP_MP3107_05,Near Cavern of the Ancient King,Western Foot of Gendarme,small leaves,1,shining leaves,10%,foxglove leaves,2%
IP_MP3107_06,Near Cavern of the Ancient King,Western Foot of Gendarme,small leaves,1,shining leaves,10%,foxglove leaves,2%
IP_MP3107_07,Near Cavern of the Ancient King,Western Foot of Gendarme,strange lump,1,tektite ore,10%,stalactite,2%
IP_MP3107_08,Near Cavern of the Ancient King,Western Foot of Gendarme,strange lump,1,tektite ore,10%,stalactite,2%
IP_MP3107_09,Near Cavern of the Ancient King,Western Foot of Gendarme,small leaves,1,shining leaves,10%,foxglove leaves,2%
IP_MP3107_10,Near Cavern of the Ancient King,Western Foot of Gendarme,small leaves,1,shining leaves,10%,foxglove leaves,2%
IP_MP7401_01,Cavern of the Ancient King,Cavern of the Ancient King,Iron ore,1,tektite ore,10%,stalactite,10%
IP_MP7401_02,Cavern of the Ancient King,Cavern of the Ancient King,Iron ore,1,tektite ore,10%,stalactite,10%
IP_MP7401_03,Cavern of the Ancient King,Cavern of the Ancient King,Iron ore,1,tektite ore,10%,stalactite,10%
IP_MP4336_01,Cliffside Midpoint,Mont Gendarme,bending twig,1,warm wood,5%,lateca resin,2%
IP_MP4336_02,Cliffside Midpoint,Mont Gendarme,strange lump,1,tektite ore,5%,stalactite,2%
IP_MP4336_03,Cliffside Midpoint,Mont Gendarme,strange lump,1,tektite ore,5%,stalactite,2%
IP_MP4336_04,Cliffside Midpoint,Mont Gendarme,bending twig,1,warm wood,5%,lateca resin,2%
IP_MP4336_05,Cliffside Midpoint,Mont Gendarme,small leaves,1,shining leaves,5%,foxglove leaves,2%
IP_MP4336_06,Cliffside Midpoint,Mont Gendarme,strange lump,1,tektite ore,5%,stalactite,2%
IP_MP4338_01,Upper Cliffs 1,Mont Gendarme,bending twig,1,warm wood,5%,lateca resin,2%
IP_MP4338_02,Upper Cliffs 1,Mont Gendarme,small leaves,1,shining leaves,5%,foxglove leaves,2%
IP_MP4338_03,Upper Cliffs 1,Mont Gendarme,strange lump,1,tektite ore,5%,stalactite,2%
IP_MP4338_04,Upper Cliffs 1,Mont Gendarme,small leaves,1,shining leaves,5%,foxglove leaves,2%
IP_MP4339_01,Upper Cliffs 2,Mont Gendarme,bending twig,1,warm wood,5%,lateca resin,2%
IP_MP4339_02,Upper Cliffs 2,Mont Gendarme,strange lump,1,tektite ore,5%,stalactite,2%
IP_MP4340_01,Upper Cliffs 3,Mont Gendarme,small leaves,1,shining leaves,5%,foxglove leaves,2%
IP_MP4340_02,Upper Cliffs 3,Mont Gendarme,strange lump,1,tektite ore,5%,stalactite,2%
IP_MP4340_03,Upper Cliffs 3,Mont Gendarme,bending twig,1,warm wood,5%,lateca resin,2%
IP_MP4340_04,Upper Cliffs 3,Mont Gendarme,bending twig,1,warm wood,5%,lateca resin,2%
IP_MP4340_05,Upper Cliffs 3,Mont Gendarme,small leaves,1,shining leaves,5%,foxglove leaves,2%
IP_MP4103_01,Top,Mountain Pinnacle Trail,bending twig,1,warm wood,5%,lateca resin,2%
IP_MP4103_02,Top,Mountain Pinnacle Trail,small leaves,1,shining leaves,5%,foxglove leaves,2%
IP_MP4103_03,Top,Mountain Pinnacle Trail,small leaves,1,shining leaves,5%,foxglove leaves,2%
IP_MP4103_04,Top,Mountain Pinnacle Trail,strange lump,1,tektite ore,5%,stalactite,2%
IP_MP4103_05,Top,Mountain Pinnacle Trail,bending twig,1,warm wood,5%,lateca resin,2%
IP_MP4103_06,Top,Mountain Pinnacle Trail,bending twig,1,warm wood,5%,lateca resin,2%
IP_MP4103_07,Top,Mountain Pinnacle Trail,small leaves,1,shining leaves,5%,foxglove leaves,2%
IP_MP4103_08,Top,Mountain Pinnacle Trail,strange lump,1,tektite ore,5%,stalactite,2%
IP_MP7101_01,First Cave,Mountain Pinnacle Trail,bending twig,1,warm wood,10%,lateca resin,5%
IP_MP7101_02,First Cave,Mountain Pinnacle Trail,strange lump,1,tektite ore,10%,stalactite,5%
IP_MP7101_03,First Cave,Mountain Pinnacle Trail,strange lump,1,tektite ore,10%,stalactite,5%
IP_MP7101_04,First Cave,Mountain Pinnacle Trail,bending twig,1,warm wood,10%,lateca resin,5%
IP_MP4104_01,Outside First Cave Exit,Mountain Pinnacle Trail,strange lump,1,tektite ore,10%,stalactite,2%
IP_MP4104_02,Outside First Cave Exit,Mountain Pinnacle Trail,small leaves,1,shining leaves,10%,foxglove leaves,2%
IP_MP4104_03,Outside First Cave Exit,Mountain Pinnacle Trail,small leaves,1,shining leaves,10%,foxglove leaves,2%
IP_MP4104_04,Outside First Cave Exit,Mountain Pinnacle Trail,bending twig,1,warm wood,10%,lateca resin,2%
IP_MP4106_01,Lower Mountain Trail,Mountain Pinnacle Trail,strange lump,1,tektite ore,20%,stalactite,5%
IP_MP4106_02,Lower Mountain Trail,Mountain Pinnacle Trail,strange lump,1,tektite ore,20%,stalactite,5%
IP_MP4106_03,Lower Mountain Trail,Mountain Pinnacle Trail,small leaves,1,shining leaves,10%,foxglove leaves,2%
IP_MP4106_04,Lower Mountain Trail,Mountain Pinnacle Trail,bending twig,1,warm wood,10%,lateca resin,2%
IP_MP4106_05,Lower Mountain Trail,Mountain Pinnacle Trail,bending twig,1,warm wood,10%,lateca resin,2%
IP_MP4106_06,Lower Mountain Trail,Mountain Pinnacle Trail,strange lump,1,tektite ore,10%,stalactite,2%
IP_MP4106_07,Lower Mountain Trail,Mountain Pinnacle Trail,small leaves,1,shining leaves,10%,foxglove leaves,2%
IP_MP4108_01,Outside Second Cave Entrance,Mountain Pinnacle Trail,strange lump,1,tektite ore,10%,stalactite,2%
IP_MP4108_02,Outside Second Cave Entrance,Mountain Pinnacle Trail,small leaves,1,shining leaves,10%,foxglove leaves,2%
IP_MP4108_03,Outside Second Cave Entrance,Mountain Pinnacle Trail,bending twig,1,warm wood,10%,lateca resin,2%
IP_MP4108_04,Outside Second Cave Entrance,Mountain Pinnacle Trail,small leaves,1,shining leaves,10%,foxglove leaves,2%
IP_MP4108_05,Outside Second Cave Entrance,Mountain Pinnacle Trail,strange lump,1,tektite ore,10%,stalactite,2%
IP_MP7102_01,Second Cave,Mountain Pinnacle Trail,strange lump,1,tektite ore,20%,stalactite,10%
IP_MP7102_02,Second Cave,Mountain Pinnacle Trail,strange lump,1,tektite ore,20%,stalactite,10%
IP_MP7102_03,Second Cave,Mountain Pinnacle Trail,strange lump,1,tektite ore,20%,stalactite,10%
IP_MP7102_04,Second Cave,Mountain Pinnacle Trail,strange lump,1,tektite ore,20%,stalactite,10%
IP_MP7102_05,Second Cave,Mountain Pinnacle Trail,strange lump,1,tektite ore,20%,stalactite,10%
IP_MP7102_06,Second Cave,Mountain Pinnacle Trail,bending twig,1,warm wood,20%,lateca resin,10%
IP_MP7102_07,Second Cave,Mountain Pinnacle Trail,bending twig,1,warm wood,20%,lateca resin,10%
IP_MP4109_01,Ridge,Temple Approach,small leaves,1,shining leaves,10%,foxglove leaves,2%
IP_MP4109_02,Ridge,Temple Approach,strange lump,1,tektite ore,10%,stalactite,2%
IP_MP5103_01,Entrance from Temple Approach,Titis Primeval Forest,bending twig,1,warm wood,10%,lateca resin,2%
IP_MP5103_02,Entrance from Temple Approach,Titis Primeval Forest,strange lump,1,tektite ore,10%,stalactite,2%
IP_MP5103_03,Entrance from Temple Approach,Titis Primeval Forest,crudberry fruit,1,,,,
IP_MP5103_04,Entrance from Temple Approach,Titis Primeval Forest,queen tomato,2,,,,
IP_MP5102_01,Near Primordial Den,Titis Primeval Forest,bending twig,1,warm wood,10%,lateca resin,5%
IP_MP5102_02,Near Primordial Den,Titis Primeval Forest,strange lump,1,tektite ore,10%,stalactite,5%
IP_MP5102_03,Near Primordial Den,Titis Primeval Forest,small leaves,1,Pangu flower,5%,rim flower,2%
IP_MP5102_04,Near Primordial Den,Titis Primeval Forest,strange lump,1,tektite ore,10%,stalactite,5%
IP_MP5102_05,Near Primordial Den,Titis Primeval Forest,small leaves,1,Pangu flower,5%,rim flower,2%
IP_MP5102_06,Near Primordial Den,Titis Primeval Forest,small leaves,1,shining leaves,10%,foxglove leaves,5%
IP_MP5102_07,Near Primordial Den,Titis Primeval Forest,queen tomato,1,,,,
IP_MP5102_08,Near Primordial Den,Titis Primeval Forest,queen tomato,1,,,,
IP_MP5102_09,Near Primordial Den,Titis Primeval Forest,queen tomato,1,,,,
IP_MP5101_01,Exit to Pangaia Plains,Titis Primeval Forest,strange lump,1,tektite ore,10%,stalactite,2%
IP_MP5101_02,Exit to Pangaia Plains,Titis Primeval Forest,strange lump,1,tektite ore,10%,stalactite,5%
IP_MP5101_03,Exit to Pangaia Plains,Titis Primeval Forest,bending twig,1,warm wood,10%,lateca resin,5%
IP_MP5101_04,Exit to Pangaia Plains,Titis Primeval Forest,strange lump,1,tektite ore,10%,stalactite,2%
IP_MP5101_05,Exit to Pangaia Plains,Titis Primeval Forest,Dragonfruit,1,,,,
IP_MP6102_01,Near Stone Pillar Wind Cave,Pangaia Plains,bending twig,1,warm wood,10%,lateca resin,2%
IP_MP6102_02,Near Stone Pillar Wind Cave,Pangaia Plains,strange lump,1,tektite ore,10%,stalactite,2%
IP_MP6102_03,Near Stone Pillar Wind Cave,Pangaia Plains,strange lump,1,tektite ore,20%,stalactite,10%
IP_MP6102_04,Near Stone Pillar Wind Cave,Pangaia Plains,strange lump,1,tektite ore,10%,stalactite,2%
IP_MP6102_05,Near Stone Pillar Wind Cave,Pangaia Plains,small leaves,1,shining leaves,10%,foxglove leaves,2%
IP_MP6102_06,Near Stone Pillar Wind Cave,Pangaia Plains,small leaves,1,Pangu flower,5%,rim flower,2%
IP_MP6116_01,Northern Plains,Pangaia Plains,small leaves,1,shining leaves,10%,rim flower,2%
IP_MP6116_02,Northern Plains,Pangaia Plains,strange lump,1,tektite ore,10%,stalactite,2%
IP_MP6116_03,Northern Plains,Pangaia Plains,bending twig,1,warm wood,10%,lateca resin,2%
IP_MP6116_04,Northern Plains,Pangaia Plains,Dragonfruit,1,,,,
IP_MP6116_05,Northern Plains,Pangaia Plains,Dragonfruit,1,,,,
IP_MP6116_06,Northern Plains,Pangaia Plains,bending twig,1,Pangu tree,5%,lateca resin,2%
IP_MP6116_07,Northern Plains,Pangaia Plains,bending twig,1,Pangu tree,5%,lateca resin,2%
IP_MP6116_08,Northern Plains,Pangaia Plains,strange lump,1,tektite ore,10%,stalactite,10%
IP_MP6111_01,Pond,Pangaia Plains,small leaves,1,shining leaves,10%,foxglove leaves,2%
IP_MP6111_02,Pond,Pangaia Plains,strange lump,1,tektite ore,10%,stalactite,2%
IP_MP6111_03,Pond,Pangaia Plains,bending twig,1,Pangu tree,5%,lateca resin,2%
IP_MP6111_04,Pond,Pangaia Plains,strange lump,1,tektite ore,10%,stalactite,2%
IP_MP6111_05,Pond,Pangaia Plains,bending twig,1,Pangu tree,5%,lateca resin,2%
IP_MP6111_06,Pond,Pangaia Plains,strange lump,1,tektite ore,10%,stalactite,2%
IP_MP6112_01,Ancient Tree,Pangaia Plains,bending twig,1,Pangu tree,5%,lateca resin,2%
IP_MP6112_02,Ancient Tree,Pangaia Plains,small leaves,1,shining leaves,10%,foxglove leaves,5%
IP_MP6112_03,Ancient Tree,Pangaia Plains,small leaves,1,shining leaves,10%,foxglove leaves,5%
IP_MP6112_04,Ancient Tree,Pangaia Plains,small leaves,1,shining leaves,10%,foxglove leaves,5%
IP_MP6112_05,Ancient Tree,Pangaia Plains,small leaves,1,shining leaves,10%,rim flower,2%
IP_MP6112_06,Ancient Tree,Pangaia Plains,strange lump,1,tektite ore,10%,stalactite,2%
IP_MP6112_07,Ancient Tree,Pangaia Plains,bending twig,1,warm wood,10%,lateca resin,2%
IP_MP6112_08,Ancient Tree,Pangaia Plains,strange lump,1,tektite ore,10%,stalactite,5%
IP_MP6112_09,Ancient Tree,Pangaia Plains,bending twig,1,Pangu tree,5%,lateca resin,2%
IP_MP5103m_01,MP5103m,,small leaves,1,Pangu flower,10%,rim flower,2%
IP_MP5103m_02,MP5103m,,small leaves,1,Pangu flower,10%,rim flower,2%
IP_MP5103m_03,MP5103m,,bending twig,1,Pangu tree,5%,lateca resin,5%
IP_MP5103m_04,MP5103m,,strange lump,1,tektite ore,10%,stalactite,5%
IP_MP5103m_05,MP5103m,,bending twig,1,Pangu tree,5%,lateca resin,5%
IP_MP5103m_06,MP5103m,,small leaves,1,Pangu flower,10%,rim flower,2%
IP_MP5103m_07,MP5103m,,strange lump,1,tektite ore,10%,stalactite,5%
IP_MP6112m_01,MP6112m,,strange lump,1,tektite ore,10%,stalactite,5%
IP_MP6112m_02,MP6112m,,small leaves,1,Pangu flower,10%,rim flower,2%
IP_MP6103_01,Near Eternia,Towal Highway,small leaves,1,shining leaves,10%,foxglove leaves,5%
IP_MP6103_02,Near Eternia,Towal Highway,strange lump,1,tektite ore,10%,stalactite,5%
IP_MP6103_03,Near Eternia,Towal Highway,bending twig,1,warm wood,5%,Pangu tree,2%
IP_MP6103_04,Near Eternia,Towal Highway,bending twig,1,warm wood,5%,lateca resin,5%
IP_MP6103_05,Near Eternia,Towal Highway,small leaves,1,shining leaves,10%,foxglove leaves,5%
IP_MP6103_06,Near Eternia,Towal Highway,strange lump,1,tektite ore,10%,stalactite,5%
IP_MP6103_07,Near Eternia,Towal Highway,small leaves,1,shining leaves,5%,rim flower,2%
IP_MP6103_08,Near Eternia,Towal Highway,king pumpkin,1,,,,
IP_MP6115_01,Cliff Overlooking Chasm,Towal Highway,bending twig,1,warm wood,10%,lateca resin,2%
IP_MP6115_02,Cliff Overlooking Chasm,Towal Highway,small leaves,1,shining leaves,10%,foxglove leaves,2%
IP_MP6104_01,Baja Tower Approach,Towal Highway,strange lump,1,tektite ore,10%,stalactite,5%
IP_MP6104_02,Baja Tower Approach,Towal Highway,strange lump,1,tektite ore,10%,stalactite,2%
IP_MP6104_03,Baja Tower Approach,Towal Highway,strange lump,1,tektite ore,10%,stalactite,5%
IP_MP6104_04,Baja Tower Approach,Towal Highway,bending twig,1,warm wood,5%,lateca resin,5%
IP_MP6104_05,Baja Tower Approach,Towal Highway,bending twig,1,warm wood,10%,lateca resin,5%
IP_MP6104_06,Baja Tower Approach,Towal Highway,small leaves,1,shining leaves,10%,foxglove leaves,5%
IP_MP6104_07,Baja Tower Approach,Towal Highway,small leaves,1,shining leaves,5%,rim flower,2%
IP_MP6104_08,Baja Tower Approach,Towal Highway,small leaves,1,shining leaves,10%,foxglove leaves,5%
IP_MP6104_09,Baja Tower Approach,Towal Highway,small leaves,1,shining leaves,5%,rim flower,2%
IP_MP6104_10,Baja Tower Approach,Towal Highway,king pumpkin,1,,,,
IP_MP6103m_01,MP6103m,,strange lump,1,tektite ore,10%,Rispar,2%
IP_MP6103m_02,MP6103m,,small leaves,1,shining leaves,10%,rim flower,2%
IP_MP6103m_03,MP6103m,,small leaves,1,shining leaves,5%,rim flower,2%
IP_MP6103m_04,MP6103m,,bending twig,1,warm wood,10%,Pangu tree,2%
IP_MP6103m_05,MP6103m,,strange lump,1,tektite ore,10%,Rispar,2%
IP_MP6103m_06,MP6103m,,small leaves,1,shining leaves,10%,rim flower,2%
IP_MP6103m_07,MP6103m,,strange lump,1,tektite ore,10%,Rispar,2%
IP_MP6103m_08,MP6103m,,bending twig,1,warm wood,10%,Pangu tree,2%
IP_MP6322_01,Second Floor,Baja Tower,strange lump,1,tektite ore,10%,stalactite,5%
IP_MP6322_02,Second Floor,Baja Tower,strange lump,1,tektite ore,10%,Rispar,2%
IP_MP6322_03,Second Floor,Baja Tower,strange lump,1,tektite ore,10%,stalactite,5%
IP_MP6322_04,Second Floor,Baja Tower,strange lump,1,tektite ore,10%,Rispar,2%
IP_MP6322_05,Second Floor,Baja Tower,strange lump,1,tektite ore,10%,stalactite,5%
IP_MP6323_01,Third Floor,Baja Tower,strange lump,1,tektite ore,10%,stalactite,2%
IP_MP6323_02,Third Floor,Baja Tower,strange lump,1,tektite ore,10%,stalactite,5%
IP_MP6323_03,Third Floor,Baja Tower,strange lump,1,tektite ore,10%,Rispar,2%
IP_MP6323_04,Third Floor,Baja Tower,strange lump,1,tektite ore,10%,stalactite,5%
IP_MP6324_01,Third Floor Hallway,Baja Tower,small leaves,1,shining leaves,10%,rim flower,2%
IP_MP6324_02,Third Floor Hallway,Baja Tower,bending twig,1,warm wood,10%,lateca resin,5%
IP_MP6324_03,Third Floor Hallway,Baja Tower,small leaves,1,shining leaves,10%,foxglove leaves,5%
IP_MP6324_04,Third Floor Hallway,Baja Tower,mango,1,ripe mango,10%,,
IP_MP6324_05,Third Floor Hallway,Baja Tower,mango,1,ripe mango,10%,,
IP_MP6326_01,Fifth Floor,Baja Tower,strange lump,1,tektite ore,10%,Rispar,2%
IP_MP6326_02,Fifth Floor,Baja Tower,strange lump,1,tektite ore,10%,stalactite,5%
IP_MP6326_03,Fifth Floor,Baja Tower,strange lump,1,tektite ore,10%,Rispar,2%
IP_MP6328_01,Sixth Floor,Baja Tower,strange lump,1,tektite ore,10%,stalactite,5%
IP_MP6328_02,Sixth Floor,Baja Tower,strange lump,1,tektite ore,10%,Rispar,2%
IP_MP6328_03,Sixth Floor,Baja Tower,strange lump,1,tektite ore,10%,stalactite,5%
IP_MP6328_04,Sixth Floor,Baja Tower,strange lump,1,tektite ore,10%,Rispar,2%
IP_MP7491_01,Stone Pillar Wind Cave,Stone Pillar Wind Cave,strange lump,1,tektite ore,10%,Rispar,2%
IP_MP7491_02,Stone Pillar Wind Cave,Stone Pillar Wind Cave,strange lump,1,tektite ore,10%,Rispar,2%
IP_MP7491_03,Stone Pillar Wind Cave,Stone Pillar Wind Cave,strange lump,1,tektite ore,10%,Rispar,2%
IP_MP7491_04,Stone Pillar Wind Cave,Stone Pillar Wind Cave,strange lump,1,tektite ore,10%,Rispar,2%
IP_MP7491_05,Stone Pillar Wind Cave,Stone Pillar Wind Cave,strange lump,1,tektite ore,10%,Rispar,2%
IP_MP7491_06,Stone Pillar Wind Cave,Stone Pillar Wind Cave,strange lump,1,tektite ore,10%,Rispar,2%
IP_MP7491_07,Stone Pillar Wind Cave,Stone Pillar Wind Cave,bending twig,1,warm wood,10%,Pangu tree,2%
IP_MP7491_08,Stone Pillar Wind Cave,Stone Pillar Wind Cave,bending twig,1,warm wood,10%,Pangu tree,2%
IP_MP7491_09,Stone Pillar Wind Cave,Stone Pillar Wind Cave,small leaves,1,shining leaves,10%,Pangu flower,5%
IP_MP7491_10,Stone Pillar Wind Cave,Stone Pillar Wind Cave,strange lump,1,tektite ore,10%,Rispar,2%
IP_MP7491_11,Stone Pillar Wind Cave,Stone Pillar Wind Cave,bending twig,1,Pangu tree,10%,Treasure branch of the great tree,2%
IP_MP7491_12,Stone Pillar Wind Cave,Stone Pillar Wind Cave,small leaves,1,Pangu flower,10%,Aura grass,2%
IP_MP7491_13,Stone Pillar Wind Cave,Stone Pillar Wind Cave,small leaves,1,Pangu flower,10%,Aura grass,2%
IP_MP1116_01,Nostalgia Cape,Nostalgia Cape,strange lump,1,tektite ore,10%,stalactite,5%
IP_MP1116_02,Nostalgia Cape,Nostalgia Cape,bending twig,1,warm wood,10%,lateca resin,2%
IP_MP1116_03,Nostalgia Cape,Nostalgia Cape,small leaves,1,shining leaves,10%,foxglove leaves,5%
IP_MP1116_04,Nostalgia Cape,Nostalgia Cape,mango,2,ripe mango,10%,,
IP_MP1116_05,Nostalgia Cape,Nostalgia Cape,king pumpkin,1,,,,
IP_MP1116_06,Nostalgia Cape,Nostalgia Cape,king pumpkin,1,,,,
IP_MP7411_01,East Coast Cave,East Coast Cave,strange lump,1,tektite ore,10%,Rispar,2%
IP_MP7411_02,East Coast Cave,East Coast Cave,strange lump,1,tektite ore,10%,stalactite,5%
IP_MP7411_03,East Coast Cave,East Coast Cave,strange lump,1,tektite ore,10%,Rispar,2%
IP_MP7411_04,East Coast Cave,East Coast Cave,small leaves,1,shining leaves,10%,foxglove leaves,5%
IP_MP7411_05,East Coast Cave,East Coast Cave,small leaves,1,shining leaves,10%,foxglove leaves,5%
IP_MP6362_01,Cliffs Overlooking Crater,Archeozoic Chasm,strange lump,1,tektite ore,10%,stalactite,5%
IP_MP6362_02,Cliffs Overlooking Crater,Archeozoic Chasm,strange lump,1,tektite ore,10%,Rispar,2%
IP_MP6362_03,Cliffs Overlooking Crater,Archeozoic Chasm,small leaves,1,shining leaves,10%,foxglove leaves,5%
IP_MP6362_04,Cliffs Overlooking Crater,Archeozoic Chasm,bending twig,1,warm wood,10%,lateca resin,2%
IP_MP6363_01,Cave Entrance,Archeozoic Chasm,strange lump,1,tektite ore,10%,Rispar,2%
IP_MP6363_02,Cave Entrance,Archeozoic Chasm,small leaves,1,shining leaves,10%,rim flower,2%
IP_MP6363_03,Cave Entrance,Archeozoic Chasm,small leaves,1,shining leaves,10%,rim flower,5%
IP_MP6363_04,Cave Entrance,Archeozoic Chasm,small leaves,1,shining leaves,10%,rim flower,2%
IP_MP6364_01,Whirlpools,Archeozoic Chasm,strange lump,1,tektite ore,10%,Rispar,2%
IP_MP6364_02,Whirlpools,Archeozoic Chasm,strange lump,1,tektite ore,10%,Rispar,2%
IP_MP6364_03,Whirlpools,Archeozoic Chasm,bending twig,1,warm wood,10%,lateca resin,2%
IP_MP6364_04,Whirlpools,Archeozoic Chasm,bending twig,1,warm wood,10%,lateca resin,5%
IP_MP6365_01,Submerged Cave,Archeozoic Chasm,strange lump,1,tektite ore,10%,Rispar,2%
IP_MP6365_02,Submerged Cave,Archeozoic Chasm,small leaves,1,shining leaves,10%,rim flower,2%
IP_MP6365_03,Submerged Cave,Archeozoic Chasm,strange lump,1,tektite ore,10%,Rispar,5%
IP_MP6365_04,Submerged Cave,Archeozoic Chasm,bending twig,1,warm wood,10%,Pangu tree,2%
IP_MP6365_05,Submerged Cave,Archeozoic Chasm,strange lump,1,tektite ore,10%,Rispar,2%
IP_MP6365_06,Submerged Cave,Archeozoic Chasm,bending twig,1,warm wood,10%,Pangu tree,2%
IP_MP6365_07,Submerged Cave,Archeozoic Chasm,strange lump,1,tektite ore,10%,Rispar,5%
IP_MP6365_08,Submerged Cave,Archeozoic Chasm,strange lump,1,tektite ore,10%,Rispar,2%
IP_MP6365_09,Submerged Cave,Archeozoic Chasm,strange lump,1,tektite ore,10%,Rispar,2%
IP_MP6365_10,Submerged Cave,Archeozoic Chasm,strange lump,1,tektite ore,10%,Rispar,2%
IP_MP6365_11,Submerged Cave,Archeozoic Chasm,strange lump,1,tektite ore,10%,Rispar,5%
IP_MP6365_12,Submerged Cave,Archeozoic Chasm,strange lump,1,tektite ore,10%,Rispar,2%
IP_MP6367_01,Water Vents,Archeozoic Chasm,strange lump,1,tektite ore,10%,stalactite,2%
IP_MP6367_02,Water Vents,Archeozoic Chasm,small leaves,1,shining leaves,10%,foxglove leaves,2%
IP_MP6367_03,Water Vents,Archeozoic Chasm,bending twig,1,warm wood,10%,Pangu tree,2%
IP_MP6367_04,Water Vents,Archeozoic Chasm,small leaves,1,shining leaves,10%,rim flower,2%
IP_MP6367_05,Water Vents,Archeozoic Chasm,strange lump,1,tektite ore,10%,Rispar,2%
IP_MP6367_06,Water Vents,Archeozoic Chasm,strange lump,1,tektite ore,10%,Rispar,2%
IP_MP6367_07,Water Vents,Archeozoic Chasm,strange lump,1,tektite ore,10%,Rispar,2%
IP_MP6367_08,Water Vents,Archeozoic Chasm,strange lump,1,tektite ore,10%,Rispar,2%
IP_MP6367_09,Water Vents,Archeozoic Chasm,small leaves,1,shining leaves,10%,rim flower,2%
IP_MP6367_10,Water Vents,Archeozoic Chasm,bending twig,1,warm wood,10%,Pangu tree,2%
IP_MP6369_01,Sunken Eternia Ruins East,Archeozoic Chasm,strange lump,1,tektite ore,10%,stalactite,2%
IP_MP6369_02,Sunken Eternia Ruins East,Archeozoic Chasm,small leaves,1,shining leaves,10%,rim flower,2%
IP_MP6369_03,Sunken Eternia Ruins East,Archeozoic Chasm,bending twig,1,warm wood,10%,Pangu tree,2%
IP_MP4110_01,Vista Ridge Upper,Vista Ridge,strange lump,1,tektite ore,10%,stalactite,2%
IP_MP4110_02,Vista Ridge Upper,Vista Ridge,small leaves,1,shining leaves,10%,rim flower,2%
IP_MP4110_03,Vista Ridge Upper,Vista Ridge,strange lump,1,tektite ore,10%,stalactite,2%
IP_MP4110_04,Vista Ridge Upper,Vista Ridge,strange lump,1,tektite ore,10%,stalactite,2%
IP_MP4110_05,Vista Ridge Upper,Vista Ridge,strange lump,1,tektite ore,10%,stalactite,2%
IP_MP5104_01,Vista Ridge Lower,Vista Ridge,small leaves,1,shining leaves,10%,rim flower,2%
IP_MP5104_02,Vista Ridge Lower,Vista Ridge,bending twig,1,warm wood,10%,Pangu tree,2%
IP_MP5104_03,Vista Ridge Lower,Vista Ridge,bending twig,1,warm wood,10%,lateca resin,5%
IP_MP5104_04,Vista Ridge Lower,Vista Ridge,strange lump,1,tektite ore,10%,stalactite,2%
IP_MP5104_05,Vista Ridge Lower,Vista Ridge,small leaves,1,shining leaves,10%,rim flower,2%
IP_MP5104_06,Vista Ridge Lower,Vista Ridge,small leaves,1,shining leaves,10%,rim flower,2%
IP_MP6106_01,Entrance from Vista Ridge,Lodinia Marshland,bending twig,1,Pangu tree,10%,Treasure branch of the great tree,2%
IP_MP6106_02,Entrance from Vista Ridge,Lodinia Marshland,strange lump,1,tektite ore,10%,dragonite,2%
IP_MP6106_03,Entrance from Vista Ridge,Lodinia Marshland,small leaves,1,Pangu flower,10%,rim flower,2%
IP_MP6106_04,Entrance from Vista Ridge,Lodinia Marshland,strange lump,1,tektite ore,10%,dragonite,2%
IP_MP6106_05,Entrance from Vista Ridge,Lodinia Marshland,strange lump,1,tektite ore,10%,dragonite,2%
IP_MP6106_06,Entrance from Vista Ridge,Lodinia Marshland,bending twig,1,Pangu tree,10%,Treasure branch of the great tree,2%
IP_MP6113_01,Muddy Lake,Lodinia Marshland,bending twig,1,Pangu tree,10%,Treasure branch of the great tree,2%
IP_MP6113_02,Muddy Lake,Lodinia Marshland,strange lump,1,tektite ore,10%,dragonite,2%
IP_MP6113_03,Muddy Lake,Lodinia Marshland,bending twig,1,Pangu tree,10%,Treasure branch of the great tree,2%
IP_MP6113_04,Muddy Lake,Lodinia Marshland,bending twig,1,Pangu tree,10%,Treasure branch of the great tree,2%
IP_MP6113_05,Muddy Lake,Lodinia Marshland,strange lump,1,tektite ore,10%,dragonite,2%
IP_MP6113_06,Muddy Lake,Lodinia Marshland,strange lump,1,tektite ore,10%,dragonite,2%
IP_MP6113_07,Muddy Lake,Lodinia Marshland,bending twig,1,Pangu tree,10%,Treasure branch of the great tree,2%
IP_MP6113_08,Muddy Lake,Lodinia Marshland,Dragonfruit,1,Dragon Tree Treasure,10%,,
IP_MP6107_01,Near Submerged Cemetery,Lodinia Marshland,small leaves,1,Pangu flower,10%,rim flower,2%
IP_MP6107_02,Near Submerged Cemetery,Lodinia Marshland,bending twig,1,Pangu tree,10%,Treasure branch of the great tree,2%
IP_MP6107_03,Near Submerged Cemetery,Lodinia Marshland,strange lump,1,tektite ore,10%,dragonite,2%
IP_MP6107_04,Near Submerged Cemetery,Lodinia Marshland,bending twig,1,Pangu tree,10%,Treasure branch of the great tree,2%
IP_MP6107_05,Near Submerged Cemetery,Lodinia Marshland,strange lump,1,tektite ore,10%,dragonite,2%
IP_MP6107_06,Near Submerged Cemetery,Lodinia Marshland,small leaves,1,shining leaves,10%,rim flower,2%
IP_MP6107_07,Near Submerged Cemetery,Lodinia Marshland,strange lump,1,tektite ore,10%,dragonite,2%
IP_MP6107_08,Near Submerged Cemetery,Lodinia Marshland,bending twig,1,Pangu tree,10%,Treasure branch of the great tree,2%
IP_MP6107_09,Near Submerged Cemetery,Lodinia Marshland,strange lump,1,tektite ore,10%,dragonite,2%
IP_MP6114_01,Exit to Valley of Kings,Lodinia Marshland,strange lump,1,tektite ore,10%,dragonite,2%
IP_MP6114_02,Exit to Valley of Kings,Lodinia Marshland,bending twig,1,Pangu tree,10%,Treasure branch of the great tree,2%
IP_MP6114_03,Exit to Valley of Kings,Lodinia Marshland,bending twig,1,Pangu tree,10%,Treasure branch of the great tree,2%
IP_MP6114_04,Exit to Valley of Kings,Lodinia Marshland,strange lump,1,tektite ore,10%,dragonite,2%
IP_MP6114_05,Exit to Valley of Kings,Lodinia Marshland,small leaves,1,shining leaves,10%,rim flower,2%
IP_MP6114_06,Exit to Valley of Kings,Lodinia Marshland,small leaves,1,Pangu flower,10%,rim flower,2%
IP_MP6114_07,Exit to Valley of Kings,Lodinia Marshland,bending twig,1,Pangu tree,10%,Treasure branch of the great tree,2%
IP_MP6113m_01,MP6113m,,small leaves,1,Pangu flower,10%,rim flower,2%
IP_MP6113m_02,MP6113m,,bending twig,1,warm wood,10%,Treasure branch of the great tree,2%
IP_MP6113m_03,MP6113m,,strange lump,1,tektite ore,10%,dragonite,2%
IP_MP6113m_04,MP6113m,,small leaves,1,Pangu flower,10%,rim flower,2%
IP_MP6113m_05,MP6113m,,bending twig,1,warm wood,10%,Treasure branch of the great tree,2%
IP_MP6106m_01,MP6106m,,small leaves,1,Pangu flower,10%,rim flower,2%
IP_MP6106m_02,MP6106m,,strange lump,1,Rispar,10%,dragonite,2%
IP_MP6106m_03,MP6106m,,bending twig,1,warm wood,10%,Treasure branch of the great tree,2%
IP_MP6106m_04,MP6106m,,strange lump,1,Rispar,10%,dragonite,2%
IP_MP6106m_05,MP6106m,,small leaves,1,Pangu flower,10%,rim flower,2%
IP_MP6106m_06,MP6106m,,strange lump,1,Rispar,10%,dragonite,2%
IP_MP6107m_01,MP6107m,,strange lump,4,Rispar,40%,dragonite,40%
IP_MP6107m_02,MP6107m,,bending twig,4,warm wood,40%,Treasure branch of the great tree,40%
IP_MP6107m_03,MP6107m,,strange lump,1,Rispar,20%,dragonite,5%
IP_MP6107m_04,MP6107m,,strange lump,1,Rispar,20%,dragonite,5%
IP_MP6107m_05,MP6107m,,bending twig,1,Pangu tree,20%,Treasure branch of the great tree,5%
IP_MP6107m_06,MP6107m,,small leaves,1,Pangu flower,20%,rim flower,10%
IP_MP6107m_07,MP6107m,,strange lump,1,Rispar,20%,dragonite,5%
IP_MP6107m_08,MP6107m,,strange lump,1,Rispar,20%,dragonite,5%
IP_MP6114m_01,MP6114m,,small leaves,1,Pangu flower,20%,rim flower,10%
IP_MP6114m_02,MP6114m,,strange lump,1,Rispar,20%,dragonite,5%
IP_MP6114m_03,MP6114m,,strange lump,1,Rispar,20%,dragonite,5%
IP_MP6114m_04,MP6114m,,strange lump,1,Rispar,20%,dragonite,5%
IP_MP6114m_05,MP6114m,,strange lump,1,Rispar,20%,dragonite,5%
IP_MP6108m_01,MP6108m,,small leaves,1,Pangu flower,40%,rim flower,10%
IP_MP6108m_02,MP6108m,,strange lump,1,Rispar,40%,dragonite,5%
IP_MP6108m_03,MP6108m,,strange lump,1,Rispar,40%,dragonite,5%
IP_MP6108m_04,MP6108m,,strange lump,1,Rispar,40%,dragonite,5%
IP_MP6108m_05,MP6108m,,bending twig,1,Pangu tree,40%,Treasure branch of the great tree,5%
IP_MP5104m_01,MP5104m,,small leaves,1,Pangu flower,10%,rim flower,2%
IP_MP5104m_02,MP5104m,,small leaves,1,Pangu flower,10%,foxglove leaves,2%
IP_MP5104m_03,MP5104m,,strange lump,1,Rispar,10%,dragonite,2%
IP_MP5104m_04,MP5104m,,bending twig,1,Pangu tree,10%,Treasure branch of the great tree,2%
IP_MP6306_01,Path of the Frozen Era,Octus Overlook,small leaves,1,Pangu flower,10%,Aura grass,5%
IP_MP6306_02,Path of the Frozen Era,Octus Overlook,small leaves,1,Pangu flower,10%,Aura grass,5%
IP_MP6306_03,Path of the Frozen Era,Octus Overlook,small leaves,1,Pangu flower,10%,Aura grass,5%
IP_MP6307_01,Path of the Insectoid Era,Octus Overlook,bending twig,1,Pangu tree,10%,Treasure branch of the great tree,5%
IP_MP6307_02,Path of the Insectoid Era,Octus Overlook,bending twig,1,Pangu tree,10%,Treasure branch of the great tree,5%
IP_MP6307_03,Path of the Insectoid Era,Octus Overlook,bending twig,1,Pangu tree,10%,Treasure branch of the great tree,5%
IP_MP6308_01,Path of the Sky Era,Octus Overlook,strange lump,1,Rispar,10%,dragonite,5%
IP_MP6308_02,Path of the Sky Era,Octus Overlook,strange lump,1,Rispar,10%,dragonite,5%
IP_MP6308_03,Path of the Sky Era,Octus Overlook,strange lump,1,Rispar,10%,dragonite,5%
IP_MP6109_01,Hill of Eternity,Hill of Eternity,small leaves,1,Pangu flower,10%,Aura grass,5%
IP_MP6109_02,Hill of Eternity,Hill of Eternity,strange lump,1,Rispar,10%,dragonite,5%
IP_MP6109_03,Hill of Eternity,Hill of Eternity,small leaves,1,shining leaves,10%,rim flower,2%
IP_MP6109_04,Hill of Eternity,Hill of Eternity,small leaves,1,shining leaves,10%,rim flower,2%
IP_MP6109_05,Hill of Eternity,Hill of Eternity,strange lump,1,Rispar,10%,dragonite,2%
IP_MP6109_06,Hill of Eternity,Hill of Eternity,strange lump,1,Rispar,10%,dragonite,2%
IP_MP6109_07,Hill of Eternity,Hill of Eternity,bending twig,1,Pangu tree,10%,Treasure branch of the great tree,2%
IP_MP6109_08,Hill of Eternity,Hill of Eternity,Dragonfruit,1,Dragon Tree Treasure,10%,,
IP_MP6109_09,Hill of Eternity,Hill of Eternity,Dragonfruit,1,Dragon Tree Treasure,10%,,
IP_MP6109_10,Hill of Eternity,Hill of Eternity,Dragonfruit,1,Dragon Tree Treasure,10%,,
IP_MP6411_01,Entrance,Silent Tower,strange lump,1,Rispar,10%,dragonite,5%
IP_MP6411_02,Entrance,Silent Tower,strange lump,1,Rispar,10%,dragonite,5%
IP_MP6411_03,Entrance,Silent Tower,strange lump,1,Rispar,10%,dragonite,2%
IP_MP6411_04,Entrance,Silent Tower,bending twig,1,Pangu tree,10%,Treasure branch of the great tree,2%
IP_MP6412_01,First Basement,Silent Tower,strange lump,1,Rispar,10%,dragonite,5%
IP_MP6412_02,First Basement,Silent Tower,strange lump,1,Rispar,10%,dragonite,2%
IP_MP6412_03,First Basement,Silent Tower,bending twig,1,Pangu tree,10%,Treasure branch of the great tree,2%
IP_MP6412_04,First Basement,Silent Tower,small leaves,1,Pangu flower,10%,Aura grass,5%
IP_MP6413_01,Second Basement,Silent Tower,small leaves,1,Pangu flower,10%,Aura grass,5%
IP_MP6413_02,Second Basement,Silent Tower,small leaves,1,Pangu flower,10%,Aura grass,5%
IP_MP6413_03,Second Basement,Silent Tower,strange lump,1,Rispar,10%,dragonite,5%
IP_MP6413_04,Second Basement,Silent Tower,strange lump,1,Rispar,10%,dragonite,5%
IP_MP7451_06,Headwater Falls,Headwater Falls,strange lump,1,Iron ore,20%,stalactite,5%
IP_MP7451_07,Headwater Falls,Headwater Falls,strange lump,1,Iron ore,20%,stalactite,5%
IP_MP7451_08,Headwater Falls,Headwater Falls,strange lump,1,Iron ore,20%,stalactite,5%
IP_MP7451_09,Headwater Falls,Headwater Falls,small leaves,1,beautiful flowers,20%,foxglove leaves,5%
IP_MP7451_10,Headwater Falls,Headwater Falls,small leaves,1,beautiful flowers,20%,foxglove leaves,5%
IP_MP7451_11,Headwater Falls,Headwater Falls,bending twig,1,glossy wood,20%,lateca resin,5%
IP_MP7451_12,Headwater Falls,Headwater Falls,bending twig,1,glossy wood,20%,lateca resin,5%
IP_MP3109m_01,Start,Great Valley (Past),Dragonfruit,1,,,,
IP_MP3110m_01,Windy Valley,Great Valley (Past),Dragonfruit,1,,,,
IP_MP5103m_08,MP5103m,,Dragonfruit,1,,,,
IP_MP6101m_01,MP6101m,,Dragonfruit,1,,,,
IP_MP6103m_09,MP6103m,,Dragonfruit,1,,,,
IP_MP6103m_10,MP6103m,,Dragon Tree Treasure,1,,,,
IP_MP6106m_07,MP6106m,,Dragonfruit,1,,,,
IP_MP6106m_08,MP6106m,,Dragonfruit,1,,,,
IP_MP1301t2_01,MP1301t2,,small leaves,1,beautiful flowers,10%,foxglove leaves,2%
IP_MP1301t2_02,MP1301t2,,crudberry fruit,1,ripe curdberry,20%,,
IP_MP1301t2_03,MP1301t2,,crudberry fruit,1,ripe curdberry,20%,,
IP_MP1301t2_04,MP1301t2,,small leaves,1,beautiful flowers,10%,foxglove leaves,5%
IP_MP1301t2_05,MP1301t2,,strange lump,1,Iron ore,20%,glow rock,7%
IP_MP1301t2_06,MP1301t2,,crudberry fruit,1,ripe curdberry,20%,,
IP_MP1301t2_07,MP1301t2,,crudberry fruit,1,ripe curdberry,20%,,
IP_MP1302t2_01,MP1302t2,,crudberry fruit,1,ripe curdberry,20%,,
IP_MP1302t2_02,MP1302t2,,small leaves,1,beautiful flowers,20%,foxglove leaves,40%
IP_MP1302t2_03,MP1302t2,,small leaves,1,beautiful flowers,10%,foxglove leaves,2%
IP_MP1302t2_04,MP1302t2,,bending twig,1,glossy wood,20%,,
IP_MP1302t2_05,MP1302t2,,small leaves,1,beautiful flowers,10%,foxglove leaves,2%
IP_MP1302t2_06,MP1302t2,,small leaves,1,beautiful flowers,10%,foxglove leaves,5%
IP_MP1302t2_07,MP1302t2,,crudberry fruit,1,ripe curdberry,20%,,
IP_MP1302t2_08,MP1302t2,,crudberry fruit,1,ripe curdberry,20%,,
IP_MP1302t2_09,MP1302t2,,crudberry fruit,1,ripe curdberry,20%,,
IP_MP1302t2_10,MP1302t2,,crudberry fruit,1,ripe curdberry,20%,,
IP_MP1302t2_11,MP1302t2,,strange lump,1,Iron ore,20%,glow rock,7%
IP_MP1302t2_12,MP1302t2,,strange lump,1,Iron ore,20%,glow rock,7%
IP_MP1302t2_13,MP1302t2,,strange lump,1,Iron ore,20%,glow rock,30%
IP_MP1302t2_14,MP1302t2,,strange lump,1,Iron ore,20%,glow rock,30%
IP_MP1303t2_01,MP1303t2,,small leaves,1,beautiful flowers,10%,foxglove leaves,5%
IP_MP1303t2_02,MP1303t2,,small leaves,1,beautiful flowers,20%,foxglove leaves,40%
IP_MP1303t2_03,MP1303t2,,crudberry fruit,1,ripe curdberry,20%,,
IP_MP1303t2_04,MP1303t2,,crudberry fruit,1,ripe curdberry,20%,,
IP_MP1303t2_05,MP1303t2,,small leaves,1,beautiful flowers,10%,foxglove leaves,2%
IP_MP1303t2_06,MP1303t2,,small leaves,1,,,,
IP_MP1303t2_07,MP1303t2,,strange lump,1,Iron ore,20%,glow rock,7%
IP_MP1303t2_08,MP1303t2,,strange lump,1,Iron ore,20%,glow rock,30%
IP_MP1304t2_01,MP1304t2,,small leaves,1,beautiful flowers,10%,foxglove leaves,2%
IP_MP1304t2_02,MP1304t2,,crudberry fruit,1,ripe curdberry,20%,,
IP_MP1304t2_03,MP1304t2,,crudberry fruit,1,ripe curdberry,20%,,
IP_MP1304t2_04,MP1304t2,,small leaves,1,beautiful flowers,10%,foxglove leaves,5%
IP_MP1304t2_05,MP1304t2,,strange lump,1,Iron ore,20%,glow rock,7%
IP_MP1304t2_06,MP1304t2,,crudberry fruit,1,ripe curdberry,20%,,
IP_MP1304t2_07,MP1304t2,,crudberry fruit,1,ripe curdberry,20%,,
IP_MP1304t2_08,MP1304t2,,small leaves,1,beautiful flowers,10%,foxglove leaves,2%
IP_MP1304t2_09,MP1304t2,,bending twig,1,glossy wood,20%,,
IP_MP1304t2_10,MP1304t2,,strange lump,1,Iron ore,10%,glow rock,50%
IP_MP1304t2_11,MP1304t2,,small leaves,1,beautiful flowers,20%,foxglove leaves,40%
IP_MP1305t2_01,MP1305t2,,strange lump,1,Iron ore,20%,glow rock,7%
IP_MP1305t2_02,MP1305t2,,crudberry fruit,1,ripe curdberry,20%,,
IP_MP1305t2_03,MP1305t2,,crudberry fruit,1,ripe curdberry,20%,,
IP_MP1305t2_04,MP1305t2,,small leaves,1,beautiful flowers,10%,foxglove leaves,5%
IP_MP1305t2_05,MP1305t2,,small leaves,1,beautiful flowers,20%,foxglove leaves,40%
IP_MP1306t2_01,MP1306t2,,crudberry fruit,1,ripe curdberry,20%,,
IP_MP1306t2_02,MP1306t2,,crudberry fruit,1,ripe curdberry,20%,,
IP_MP1307t2_01,MP1307t2,,small leaves,1,beautiful flowers,10%,foxglove leaves,2%
IP_MP1307t2_02,MP1307t2,,crudberry fruit,1,ripe curdberry,20%,,
IP_MP1307t2_03,MP1307t2,,crudberry fruit,1,ripe curdberry,20%,,
IP_MP1307t2_04,MP1307t2,,strange lump,1,Iron ore,20%,glow rock,7%
IP_MP4331t2_01,MP4331t2,,mango,1,ripe mango,15%,,
IP_MP4331t2_02,MP4331t2,,mango,1,ripe mango,15%,,
IP_MP4331t2_03,MP4331t2,,strange lump,1,tektite ore,10%,stalactite,5%
IP_MP4331t2_04,MP4331t2,,small leaves,1,foxglove leaves,10%,moonlight grass,15%
IP_MP4331t2_05,MP4331t2,,small leaves,1,shining leaves,10%,foxglove leaves,2%
IP_MP4331t2_06,MP4331t2,,small leaves,1,foxglove leaves,10%,moonlight grass,15%
IP_MP4332t2_01,MP4332t2,,small leaves,1,foxglove leaves,10%,,
IP_MP4332t2_02,MP4332t2,,strange lump,1,tektite ore,10%,stalactite,5%
IP_MP4332t2_03,MP4332t2,,mango,1,ripe mango,15%,,
IP_MP4332t2_04,MP4332t2,,small leaves,1,foxglove leaves,10%,moonlight grass,15%
IP_MP4333t2_01,MP4333t2,,strange lump,1,tektite ore,10%,stalactite,5%
IP_MP4333t2_02,MP4333t2,,bending twig,1,warm wood,10%,lateca resin,5%
IP_MP4333t2_03,MP4333t2,,mango,1,ripe mango,15%,,
IP_MP4333t2_04,MP4333t2,,mango,1,ripe mango,15%,,
IP_MP4333t2_05,MP4333t2,,moonlight grass,1,,,,
IP_MP4334t2_01,MP4334t2,,small leaves,1,shining leaves,10%,foxglove leaves,2%
IP_MP4334t2_02,MP4334t2,,mango,1,ripe mango,15%,,
IP_MP4334t2_03,MP4334t2,,strange lump,1,tektite ore,10%,stalactite,5%
IP_MP4334t2_04,MP4334t2,,small leaves,1,foxglove leaves,10%,moonlight grass,15%
IP_MP4334t2_05,MP4334t2,,strange lump,1,tektite ore,10%,stalactite,5%
IP_MP4334t2_06,MP4334t2,,mango,1,ripe mango,15%,,
IP_MP4334t2_07,MP4334t2,,small leaves,1,foxglove leaves,10%,,
IP_MP4334t2_08,MP4334t2,,bending twig,1,warm wood,10%,lateca resin,5%
IP_MP4334t2_09,MP4334t2,,small leaves,1,foxglove leaves,10%,,
IP_MP4334t2_10,MP4334t2,,strange lump,1,tektite ore,10%,stalactite,5%
IP_MP4334t2_11,MP4334t2,,moonlight grass,1,,,,
IP_MP4335t2_01,MP4335t2,,small leaves,1,foxglove leaves,10%,moonlight grass,15%
IP_MP4336t2_01,MP4336t2,,strange lump,1,tektite ore,10%,stalactite,5%
IP_MP4336t2_02,MP4336t2,,small leaves,1,foxglove leaves,10%,,
IP_MP4336t2_03,MP4336t2,,mango,1,ripe mango,15%,,
IP_MP4336t2_04,MP4336t2,,mango,1,ripe mango,15%,,
IP_MP4336t2_05,MP4336t2,,bending twig,1,warm wood,10%,lateca resin,5%
IP_MP4336t2_06,MP4336t2,,small leaves,1,shining leaves,10%,foxglove leaves,2%
IP_MP4336t2_07,MP4336t2,,small leaves,1,foxglove leaves,10%,,
IP_MP4336t2_08,MP4336t2,,moonlight grass,1,,,,
IP_MP4337t2_01,MP4337t2,,mango,1,ripe mango,15%,,
IP_MP4337t2_02,MP4337t2,,small leaves,1,foxglove leaves,10%,moonlight grass,15%
IP_MP4338t2_01,MP4338t2,,bending twig,1,warm wood,10%,lateca resin,5%
IP_MP4338t2_02,MP4338t2,,mango,1,ripe mango,15%,,
IP_MP4338t2_03,MP4338t2,,mango,1,ripe mango,15%,,
IP_MP4338t2_04,MP4338t2,,small leaves,1,foxglove leaves,10%,,
IP_MP4338t2_05,MP4338t2,,small leaves,1,foxglove leaves,10%,moonlight grass,15%
IP_MP4338t2_06,MP4338t2,,mango,1,ripe mango,15%,,
IP_MP4338t2_07,MP4338t2,,moonlight grass,1,,,,
IP_MP4339t2_01,MP4339t2,,bending twig,1,warm wood,10%,lateca resin,5%
IP_MP4339t2_02,MP4339t2,,mango,1,ripe mango,15%,,
IP_MP4339t2_03,MP4339t2,,small leaves,1,foxglove leaves,10%,moonlight grass,15%
IP_MP4339t2_04,MP4339t2,,strange lump,1,tektite ore,10%,stalactite,5%
IP_MP4339t2_05,MP4339t2,,mango,1,ripe mango,15%,,
IP_MP4340t2_01,MP4340t2,,small leaves,1,foxglove leaves,10%,,
IP_MP4340t2_02,MP4340t2,,mango,1,ripe mango,15%,,
IP_MP4340t2_03,MP4340t2,,mango,1,ripe mango,15%,,
IP_MP4340t2_04,MP4340t2,,moonlight grass,1,,,,
IP_MP4341t2_01,MP4341t2,,mango,1,ripe mango,15%,,
IP_MP4341t2_02,MP4341t2,,small leaves,1,foxglove leaves,10%,moonlight grass,15%
IP_MP6111t2_01,MP6111t2,,small leaves,1,Pangu flower,20%,rim flower,5%
IP_MP6111t2_02,MP6111t2,,Dragonfruit,1,Dragon Tree Treasure,15%,,
IP_MP6111t2_03,MP6111t2,,strange lump,1,tektite ore,20%,dragonite,5%
IP_MP6111t2_04,MP6111t2,,small leaves,1,Pangu flower,10%,Rivera's Immortal Flower,15%
IP_MP6111t2_05,MP6111t2,,bending twig,1,Pangu tree,10%,Treasure branch of the great tree,4%
IP_MP6111t2_06,MP6111t2,,small leaves,1,Pangu flower,10%,Rivera's Immortal Flower,15%
IP_MP6112t2_01,MP6112t2,,Dragonfruit,1,Dragon Tree Treasure,15%,,
IP_MP6112t2_02,MP6112t2,,strange lump,1,tektite ore,20%,dragonite,5%
IP_MP6112t2_03,MP6112t2,,small leaves,1,Pangu flower,20%,rim flower,5%
IP_MP6112t2_04,MP6112t2,,strange lump,1,Rispar,10%,dragonite,4%
IP_MP6112t2_05,MP6112t2,,small leaves,1,Pangu flower,10%,Rivera's Immortal Flower,15%
IP_MP6112t2_06,MP6112t2,,strange lump,1,tektite ore,20%,dragonite,5%
IP_MP6112t2_07,MP6112t2,,Dragonfruit,1,Dragon Tree Treasure,15%,,
IP_MP6112t2_08,MP6112t2,,small leaves,1,Pangu flower,20%,rim flower,5%
IP_MP6112t2_09,MP6112t2,,small leaves,1,Pangu flower,20%,rim flower,5%
IP_MP6116t2_01,MP6116t2,,small leaves,1,Pangu flower,10%,Rivera's Immortal Flower,15%
IP_MP6116t2_02,MP6116t2,,small leaves,1,Pangu flower,10%,Rivera's Immortal Flower,15%
IP_MP6116t2_03,MP6116t2,,strange lump,1,tektite ore,20%,dragonite,5%
IP_MP6116t2_04,MP6116t2,,Dragonfruit,1,Dragon Tree Treasure,15%,,
IP_MP6116t2_05,MP6116t2,,Dragonfruit,1,Dragon Tree Treasure,15%,,
IP_MP6116t2_06,MP6116t2,,strange lump,1,Rispar,10%,dragonite,4%
IP_MP6116t2_07,MP6116t2,,small leaves,1,Pangu flower,20%,rim flower,5%
IP_MP6116t2_08,MP6116t2,,small leaves,1,Pangu flower,20%,rim flower,5%
IP_MP6531m_01,MP6531m,,small leaves,1,foxglove leaves,10%,moonlight grass,20%
IP_MP6531m_02,MP6531m,,small leaves,1,foxglove leaves,10%,moonlight grass,20%
IP_MP6531m_03,MP6531m,,small leaves,1,foxglove leaves,10%,moonlight grass,20%
IP_MP6531m_04,MP6531m,,small leaves,1,foxglove leaves,10%,moonlight grass,20%
IP_MP6531m_05,MP6531m,,small leaves,1,foxglove leaves,10%,moonlight grass,20%
IP_MP6551m_01,MP6551m,,bending twig,1,Pangu tree,10%,Treasure branch of the great tree,3%
IP_MP6551m_02,MP6551m,,strange lump,1,Rispar,10%,dragonite,2%
IP_MP6551m_03,MP6551m,,small leaves,1,Pangu flower,10%,Rivera's Immortal Flower,20%
IP_MP6553m_01,MP6553m,,small leaves,1,Pangu flower,10%,Rivera's Immortal Flower,20%
IP_MP6553m_02,MP6553m,,bending twig,1,Pangu tree,10%,Treasure branch of the great tree,3%
IP_MP6553m_03,MP6553m,,bending twig,1,Pangu tree,10%,Treasure branch of the great tree,3%
IP_MP6553m_04,MP6553m,,strange lump,1,Rispar,10%,dragonite,2%
IP_MP6553m_05,MP6553m,,small leaves,1,Pangu flower,10%,Rivera's Immortal Flower,20%
IP_MP6512_01,First Brazier,Former Sanctuary Crypt - B1,strange lump,1,Rispar,10%,dragonite,5%
IP_MP6512_02,First Brazier,Former Sanctuary Crypt - B1,bending twig,1,Pangu tree,10%,Treasure branch of the great tree,5%
IP_MP6512_03,First Brazier,Former Sanctuary Crypt - B1,small leaves,1,Pangu flower,10%,rim flower,5%
IP_MP6531_01,Entrance,Former Sanctuary Crypt - B3,bending twig,1,Pangu tree,10%,Treasure branch of the great tree,2%
IP_MP6531_02,Entrance,Former Sanctuary Crypt - B3,small leaves,1,Pangu flower,10%,Aura grass,5%
IP_MP6531_03,Entrance,Former Sanctuary Crypt - B3,small leaves,1,foxglove leaves,10%,moonlight grass,12%
IP_MP6531_04,Entrance,Former Sanctuary Crypt - B3,strange lump,1,Rispar,10%,dragonite,2%
IP_MP6531_05,Entrance,Former Sanctuary Crypt - B3,bending twig,1,Pangu tree,10%,Treasure branch of the great tree,5%
IP_MP6531_06,Entrance,Former Sanctuary Crypt - B3,bending twig,1,Pangu tree,10%,Treasure branch of the great tree,5%
IP_MP6531_07,Entrance,Former Sanctuary Crypt - B3,strange lump,1,Rispar,10%,dragonite,5%
IP_MP6531_08,Entrance,Former Sanctuary Crypt - B3,small leaves,1,foxglove leaves,10%,moonlight grass,12%
IP_MP6531_09,Entrance,Former Sanctuary Crypt - B3,small leaves,1,foxglove leaves,10%,moonlight grass,12%
IP_MP6531_10,Entrance,Former Sanctuary Crypt - B3,bending twig,1,Pangu tree,10%,Treasure branch of the great tree,2%
IP_MP6531_11,Entrance,Former Sanctuary Crypt - B3,strange lump,1,Rispar,10%,dragonite,5%
IP_MP6531_12,Entrance,Former Sanctuary Crypt - B3,small leaves,1,foxglove leaves,10%,moonlight grass,12%
IP_MP6531_13,Entrance,Former Sanctuary Crypt - B3,small leaves,1,Pangu flower,10%,rim flower,5%
IP_MP6542_01,Frozen Statue Room,Former Sanctuary Crypt - B4,bending twig,1,Pangu tree,10%,Treasure branch of the great tree,5%
IP_MP6542_02,Frozen Statue Room,Former Sanctuary Crypt - B4,strange lump,1,Rispar,10%,dragonite,2%
IP_MP6551_01,Entrance,Former Sanctuary Crypt - B5,strange lump,1,Rispar,10%,dragonite,5%
IP_MP6551_02,Entrance,Former Sanctuary Crypt - B5,strange lump,1,Rispar,10%,dragonite,5%
IP_MP6551_03,Entrance,Former Sanctuary Crypt - B5,small leaves,1,Pangu flower,10%,Aura grass,5%
IP_MP6551_04,Entrance,Former Sanctuary Crypt - B5,bending twig,1,Pangu tree,10%,Treasure branch of the great tree,2%
IP_MP6551_05,Entrance,Former Sanctuary Crypt - B5,small leaves,1,Pangu flower,10%,Rivera's Immortal Flower,12%
IP_MP6551_06,Entrance,Former Sanctuary Crypt - B5,bending twig,1,Pangu tree,10%,Treasure branch of the great tree,5%
IP_MP6551_07,Entrance,Former Sanctuary Crypt - B5,strange lump,1,Rispar,10%,dragonite,2%
IP_MP6551_08,Entrance,Former Sanctuary Crypt - B5,bending twig,1,Pangu tree,10%,Treasure branch of the great tree,2%
IP_MP6552_01,Eastern Hall,Former Sanctuary Crypt - B5,bending twig,1,Pangu tree,10%,Treasure branch of the great tree,5%
IP_MP6552_02,Eastern Hall,Former Sanctuary Crypt - B5,small leaves,1,Pangu flower,10%,rim flower,5%
IP_MP6553_01,Central Chamber North of Entrance,Former Sanctuary Crypt - B5,bending twig,1,Pangu tree,10%,Treasure branch of the great tree,2%
IP_MP6553_02,Central Chamber North of Entrance,Former Sanctuary Crypt - B5,strange lump,1,Rispar,10%,dragonite,5%
IP_MP6553_03,Central Chamber North of Entrance,Former Sanctuary Crypt - B5,small leaves,1,Pangu flower,10%,Rivera's Immortal Flower,12%
IP_MP6553_04,Central Chamber North of Entrance,Former Sanctuary Crypt - B5,bending twig,1,Pangu tree,10%,Treasure branch of the great tree,5%
IP_MP6553_05,Central Chamber North of Entrance,Former Sanctuary Crypt - B5,strange lump,1,Rispar,10%,dragonite,2%
IP_MP6554_01,Western Hall,Former Sanctuary Crypt - B5,small leaves,1,Pangu flower,10%,rim flower,5%
IP_MP6554_02,Western Hall,Former Sanctuary Crypt - B5,strange lump,1,Rispar,10%,dragonite,5%
IP_MP6554_03,Western Hall,Former Sanctuary Crypt - B5,bending twig,1,Pangu tree,10%,Treasure branch of the great tree,5%
IP_MP6554_04,Western Hall,Former Sanctuary Crypt - B5,small leaves,1,Pangu flower,10%,Rivera's Immortal Flower,12%
IP_MP6554_05,Western Hall,Former Sanctuary Crypt - B5,strange lump,1,Rispar,10%,dragonite,5%
